,technology,node,time_storage_level,value_scenario_,value_scenario_DemandMet,value_scenario_FastDiffusion,value_scenario_Recycling,value_scenario_SelfSuff40,value_scenario_Tariffs
0,Aluminium_storage,AUS,0,0.0,0.0,0.0,0.0,0.0,0.0
1,Aluminium_storage,AUS,1,0.0,0.0,0.0,0.0,0.0,0.0
2,Aluminium_storage,AUS,2,0.0,0.0,0.0,0.0,0.0,0.0
3,Aluminium_storage,AUS,3,0.0,0.0,0.0,0.0,0.0,0.0
4,Aluminium_storage,AUS,4,0.0,0.0,0.0,0.0,0.0,0.0
5,Aluminium_storage,AUS,5,0.0,0.0,0.0,0.0,0.0,0.0
6,Aluminium_storage,AUS,6,0.0,0.0,0.0,0.0,0.0,0.0
7,Aluminium_storage,AUS,7,0.0,0.0,0.0,0.0,0.0,0.0
8,Aluminium_storage,AUS,8,0.0,0.0,0.0,0.0,0.0,0.0
9,Aluminium_storage,AUS,9,0.0,0.0,0.0,0.0,0.0,0.0
10,Aluminium_storage,AUS,10,0.0,0.0,0.0,0.0,0.0,0.0
11,Aluminium_storage,AUS,11,0.0,0.0,0.0,0.0,0.0,0.0
12,Aluminium_storage,AUS,12,0.0,0.0,0.0,0.0,0.0,0.0
13,Aluminium_storage,AUS,13,0.0,0.0,0.0,0.0,0.0,0.0
14,Aluminium_storage,AUT,0,0.0,0.0,0.0,0.0,0.0,0.0
15,Aluminium_storage,AUT,1,0.0,0.0,0.0,0.0,0.0,0.0
16,Aluminium_storage,AUT,2,0.0,0.0,0.0,0.0,0.0,0.0
17,Aluminium_storage,AUT,3,0.0,0.0,0.0,0.0,0.0,0.0
18,Aluminium_storage,AUT,4,0.0,0.0,0.0,0.0,0.0,0.0
19,Aluminium_storage,AUT,5,0.0,0.0,0.0,0.0,0.0,0.0
20,Aluminium_storage,AUT,6,0.0,0.0,0.0,0.0,0.0,0.0
21,Aluminium_storage,AUT,7,0.0,0.0,0.0,0.0,0.0,0.0
22,Aluminium_storage,AUT,8,0.0,0.0,0.0,0.0,0.0,0.0
23,Aluminium_storage,AUT,9,0.0,0.0,0.0,0.0,0.0,0.0
24,Aluminium_storage,AUT,10,0.0,0.0,0.0,0.0,0.0,0.0
25,Aluminium_storage,AUT,11,0.0,0.0,0.0,0.0,0.0,0.0
26,Aluminium_storage,AUT,12,0.0,0.0,0.0,0.0,0.0,0.0
27,Aluminium_storage,AUT,13,0.0,0.0,0.0,0.0,0.0,0.0
28,Aluminium_storage,BRA,0,0.0,0.0,0.0,0.0,0.0,0.0
29,Aluminium_storage,BRA,1,0.0,0.0,0.0,0.0,0.0,0.0
30,Aluminium_storage,BRA,2,0.0,0.0,0.0,0.0,0.0,0.0
31,Aluminium_storage,BRA,3,0.0,0.0,0.0,0.0,0.0,0.0
32,Aluminium_storage,BRA,4,0.0,0.0,0.0,0.0,0.0,0.0
33,Aluminium_storage,BRA,5,0.0,0.0,0.0,0.0,0.0,0.0
34,Aluminium_storage,BRA,6,0.0,0.0,0.0,0.0,0.0,0.0
35,Aluminium_storage,BRA,7,0.0,0.0,0.0,0.0,0.0,0.0
36,Aluminium_storage,BRA,8,0.0,0.0,0.0,0.0,0.0,0.0
37,Aluminium_storage,BRA,9,0.0,0.0,0.0,0.0,0.0,0.0
38,Aluminium_storage,BRA,10,0.0,0.0,0.0,0.0,0.0,0.0
39,Aluminium_storage,BRA,11,0.0,0.0,0.0,0.0,0.0,0.0
40,Aluminium_storage,BRA,12,0.0,0.0,0.0,0.0,0.0,0.0
41,Aluminium_storage,BRA,13,0.0,0.0,0.0,0.0,0.0,0.0
42,Aluminium_storage,CHN,0,0.0,0.0,0.0,0.0,0.0,0.0
43,Aluminium_storage,CHN,1,0.0,0.0,0.0,0.0,0.0,0.0
44,Aluminium_storage,CHN,2,0.0,0.0,0.0,0.0,0.0,0.0
45,Aluminium_storage,CHN,3,0.0,0.0,0.0,0.0,0.0,0.0
46,Aluminium_storage,CHN,4,0.0,0.0,0.0,0.0,0.0,0.0
47,Aluminium_storage,CHN,5,0.0,0.0,0.0,0.0,0.0,0.0
48,Aluminium_storage,CHN,6,0.0,0.0,0.0,0.0,0.0,0.0
49,Aluminium_storage,CHN,7,0.0,0.0,0.0,0.0,0.0,0.0
50,Aluminium_storage,CHN,8,0.0,0.0,0.0,0.0,0.0,0.0
51,Aluminium_storage,CHN,9,0.0,0.0,0.0,0.0,0.0,0.0
52,Aluminium_storage,CHN,10,0.0,0.0,0.0,0.0,0.0,0.0
53,Aluminium_storage,CHN,11,0.0,0.0,0.0,0.0,0.0,0.0
54,Aluminium_storage,CHN,12,0.0,0.0,0.0,0.0,0.0,0.0
55,Aluminium_storage,CHN,13,0.0,0.0,0.0,0.0,0.0,0.0
56,Aluminium_storage,CZE,0,0.0,0.0,0.0,0.0,0.0,0.0
57,Aluminium_storage,CZE,1,0.0,0.0,0.0,0.0,0.0,0.0
58,Aluminium_storage,CZE,2,0.0,0.0,0.0,0.0,0.0,0.0
59,Aluminium_storage,CZE,3,0.0,0.0,0.0,0.0,0.0,0.0
60,Aluminium_storage,CZE,4,0.0,0.0,0.0,0.0,0.0,0.0
61,Aluminium_storage,CZE,5,0.0,0.0,0.0,0.0,0.0,0.0
62,Aluminium_storage,CZE,6,0.0,0.0,0.0,0.0,0.0,0.0
63,Aluminium_storage,CZE,7,0.0,0.0,0.0,0.0,0.0,0.0
64,Aluminium_storage,CZE,8,0.0,0.0,0.0,0.0,0.0,0.0
65,Aluminium_storage,CZE,9,0.0,0.0,0.0,0.0,0.0,0.0
66,Aluminium_storage,CZE,10,0.0,0.0,0.0,0.0,0.0,0.0
67,Aluminium_storage,CZE,11,0.0,0.0,0.0,0.0,0.0,0.0
68,Aluminium_storage,CZE,12,0.0,0.0,0.0,0.0,0.0,0.0
69,Aluminium_storage,CZE,13,0.0,0.0,0.0,0.0,0.0,0.0
70,Aluminium_storage,DEU,0,0.0,0.0,0.0,0.0,0.0,0.0
71,Aluminium_storage,DEU,1,0.0,0.0,0.0,0.0,0.0,0.0
72,Aluminium_storage,DEU,2,0.0,0.0,0.0,0.0,0.0,0.0
73,Aluminium_storage,DEU,3,0.0,0.0,0.0,0.0,0.0,0.0
74,Aluminium_storage,DEU,4,0.0,0.0,0.0,0.0,0.0,0.0
75,Aluminium_storage,DEU,5,0.0,0.0,0.0,0.0,0.0,0.0
76,Aluminium_storage,DEU,6,0.0,0.0,0.0,0.0,0.0,0.0
77,Aluminium_storage,DEU,7,0.0,0.0,0.0,0.0,0.0,0.0
78,Aluminium_storage,DEU,8,0.0,0.0,0.0,0.0,0.0,0.0
79,Aluminium_storage,DEU,9,0.0,0.0,0.0,0.0,0.0,0.0
80,Aluminium_storage,DEU,10,0.0,0.0,0.0,0.0,0.0,0.0
81,Aluminium_storage,DEU,11,0.0,0.0,0.0,0.0,0.0,0.0
82,Aluminium_storage,DEU,12,0.0,0.0,0.0,0.0,0.0,0.0
83,Aluminium_storage,DEU,13,0.0,0.0,0.0,0.0,0.0,0.0
84,Aluminium_storage,ITA,0,0.0,0.0,0.0,0.0,0.0,0.0
85,Aluminium_storage,ITA,1,0.0,0.0,0.0,0.0,0.0,0.0
86,Aluminium_storage,ITA,2,0.0,0.0,0.0,0.0,0.0,0.0
87,Aluminium_storage,ITA,3,0.0,0.0,0.0,0.0,0.0,0.0
88,Aluminium_storage,ITA,4,0.0,0.0,0.0,0.0,0.0,0.0
89,Aluminium_storage,ITA,5,0.0,0.0,0.0,0.0,0.0,0.0
90,Aluminium_storage,ITA,6,0.0,0.0,0.0,0.0,0.0,0.0
91,Aluminium_storage,ITA,7,0.0,0.0,0.0,0.0,0.0,0.0
92,Aluminium_storage,ITA,8,0.0,0.0,0.0,0.0,0.0,0.0
93,Aluminium_storage,ITA,9,0.0,0.0,0.0,0.0,0.0,0.0
94,Aluminium_storage,ITA,10,0.0,0.0,0.0,0.0,0.0,0.0
95,Aluminium_storage,ITA,11,0.0,0.0,0.0,0.0,0.0,0.0
96,Aluminium_storage,ITA,12,0.0,0.0,0.0,0.0,0.0,0.0
97,Aluminium_storage,ITA,13,0.0,0.0,0.0,0.0,0.0,0.0
98,Aluminium_storage,JPN,0,0.0,0.0,0.0,0.0,0.0,0.0
99,Aluminium_storage,JPN,1,0.0,0.0,0.0,0.0,0.0,0.0
100,Aluminium_storage,JPN,2,0.0,0.0,0.0,0.0,0.0,0.0
101,Aluminium_storage,JPN,3,0.0,0.0,0.0,0.0,0.0,0.0
102,Aluminium_storage,JPN,4,0.0,0.0,0.0,0.0,0.0,0.0
103,Aluminium_storage,JPN,5,0.0,0.0,0.0,0.0,0.0,0.0
104,Aluminium_storage,JPN,6,0.0,0.0,0.0,0.0,0.0,0.0
105,Aluminium_storage,JPN,7,0.0,0.0,0.0,0.0,0.0,0.0
106,Aluminium_storage,JPN,8,0.0,0.0,0.0,0.0,0.0,0.0
107,Aluminium_storage,JPN,9,0.0,0.0,0.0,0.0,0.0,0.0
108,Aluminium_storage,JPN,10,0.0,0.0,0.0,0.0,0.0,0.0
109,Aluminium_storage,JPN,11,0.0,0.0,0.0,0.0,0.0,0.0
110,Aluminium_storage,JPN,12,0.0,0.0,0.0,0.0,0.0,0.0
111,Aluminium_storage,JPN,13,0.0,0.0,0.0,0.0,0.0,0.0
112,Aluminium_storage,KOR,0,0.0,0.0,0.0,0.0,0.0,0.0
113,Aluminium_storage,KOR,1,0.0,0.0,0.0,0.0,0.0,0.0
114,Aluminium_storage,KOR,2,0.0,0.0,0.0,0.0,0.0,0.0
115,Aluminium_storage,KOR,3,0.0,0.0,0.0,0.0,0.0,0.0
116,Aluminium_storage,KOR,4,0.0,0.0,0.0,0.0,0.0,0.0
117,Aluminium_storage,KOR,5,0.0,0.0,0.0,0.0,0.0,0.0
118,Aluminium_storage,KOR,6,0.0,0.0,0.0,0.0,0.0,0.0
119,Aluminium_storage,KOR,7,0.0,0.0,0.0,0.0,0.0,0.0
120,Aluminium_storage,KOR,8,0.0,0.0,0.0,0.0,0.0,0.0
121,Aluminium_storage,KOR,9,0.0,0.0,0.0,0.0,0.0,0.0
122,Aluminium_storage,KOR,10,0.0,0.0,0.0,0.0,0.0,0.0
123,Aluminium_storage,KOR,11,0.0,0.0,0.0,0.0,0.0,0.0
124,Aluminium_storage,KOR,12,0.0,0.0,0.0,0.0,0.0,0.0
125,Aluminium_storage,KOR,13,0.0,0.0,0.0,0.0,0.0,0.0
126,Aluminium_storage,ROE,0,0.0,0.0,0.0,0.0,0.0,0.0
127,Aluminium_storage,ROE,1,0.0,0.0,0.0,0.0,0.0,0.0
128,Aluminium_storage,ROE,2,0.0,0.0,0.0,0.0,0.0,0.0
129,Aluminium_storage,ROE,3,0.0,0.0,0.0,0.0,0.0,0.0
130,Aluminium_storage,ROE,4,0.0,0.0,0.0,0.0,0.0,0.0
131,Aluminium_storage,ROE,5,0.0,0.0,0.0,0.0,0.0,0.0
132,Aluminium_storage,ROE,6,0.0,0.0,0.0,0.0,0.0,0.0
133,Aluminium_storage,ROE,7,0.0,0.0,0.0,0.0,0.0,0.0
134,Aluminium_storage,ROE,8,0.0,0.0,0.0,0.0,0.0,0.0
135,Aluminium_storage,ROE,9,0.0,0.0,0.0,0.0,0.0,0.0
136,Aluminium_storage,ROE,10,0.0,0.0,0.0,0.0,0.0,0.0
137,Aluminium_storage,ROE,11,0.0,0.0,0.0,0.0,0.0,0.0
138,Aluminium_storage,ROE,12,0.0,0.0,0.0,0.0,0.0,0.0
139,Aluminium_storage,ROE,13,0.0,0.0,0.0,0.0,0.0,0.0
140,Aluminium_storage,ROW,0,0.0,0.0,0.0,0.0,0.0,0.0
141,Aluminium_storage,ROW,1,0.0,0.0,0.0,0.0,0.0,0.0
142,Aluminium_storage,ROW,2,0.0,0.0,0.0,0.0,0.0,0.0
143,Aluminium_storage,ROW,3,0.0,0.0,0.0,0.0,0.0,0.0
144,Aluminium_storage,ROW,4,0.0,0.0,0.0,0.0,0.0,0.0
145,Aluminium_storage,ROW,5,0.0,0.0,0.0,0.0,0.0,0.0
146,Aluminium_storage,ROW,6,0.0,0.0,0.0,0.0,0.0,0.0
147,Aluminium_storage,ROW,7,0.0,0.0,0.0,0.0,0.0,0.0
148,Aluminium_storage,ROW,8,0.0,0.0,0.0,0.0,0.0,0.0
149,Aluminium_storage,ROW,9,0.0,0.0,0.0,0.0,0.0,0.0
150,Aluminium_storage,ROW,10,0.0,0.0,0.0,0.0,0.0,0.0
151,Aluminium_storage,ROW,11,0.0,0.0,0.0,0.0,0.0,0.0
152,Aluminium_storage,ROW,12,0.0,0.0,0.0,0.0,0.0,0.0
153,Aluminium_storage,ROW,13,0.0,0.0,0.0,0.0,0.0,0.0
154,Aluminium_storage,USA,0,0.0,0.0,0.0,0.0,0.0,0.0
155,Aluminium_storage,USA,1,0.0,0.0,0.0,0.0,0.0,0.0
156,Aluminium_storage,USA,2,0.0,0.0,0.0,0.0,0.0,0.0
157,Aluminium_storage,USA,3,0.0,0.0,0.0,0.0,0.0,0.0
158,Aluminium_storage,USA,4,0.0,0.0,0.0,0.0,0.0,0.0
159,Aluminium_storage,USA,5,0.0,0.0,0.0,0.0,0.0,0.0
160,Aluminium_storage,USA,6,0.0,0.0,0.0,0.0,0.0,0.0
161,Aluminium_storage,USA,7,0.0,0.0,0.0,0.0,0.0,0.0
162,Aluminium_storage,USA,8,0.0,0.0,0.0,0.0,0.0,0.0
163,Aluminium_storage,USA,9,0.0,0.0,0.0,0.0,0.0,0.0
164,Aluminium_storage,USA,10,0.0,0.0,0.0,0.0,0.0,0.0
165,Aluminium_storage,USA,11,0.0,0.0,0.0,0.0,0.0,0.0
166,Aluminium_storage,USA,12,0.0,0.0,0.0,0.0,0.0,0.0
167,Aluminium_storage,USA,13,0.0,0.0,0.0,0.0,0.0,0.0
168,Bauxite_storage,AUS,0,0.0,0.0,0.0,0.0,0.0,0.0
169,Bauxite_storage,AUS,1,0.0,0.0,0.0,0.0,0.0,0.0
170,Bauxite_storage,AUS,2,0.0,0.0,0.0,0.0,0.0,0.0
171,Bauxite_storage,AUS,3,0.0,0.0,0.0,0.0,0.0,0.0
172,Bauxite_storage,AUS,4,0.0,0.0,0.0,0.0,0.0,0.0
173,Bauxite_storage,AUS,5,0.0,0.0,0.0,0.0,0.0,0.0
174,Bauxite_storage,AUS,6,0.0,0.0,0.0,0.0,0.0,0.0
175,Bauxite_storage,AUS,7,0.0,0.0,0.0,0.0,0.0,0.0
176,Bauxite_storage,AUS,8,0.0,0.0,0.0,0.0,0.0,0.0
177,Bauxite_storage,AUS,9,0.0,0.0,0.0,0.0,0.0,0.0
178,Bauxite_storage,AUS,10,0.0,0.0,0.0,0.0,0.0,0.0
179,Bauxite_storage,AUS,11,0.0,0.0,0.0,0.0,0.0,0.0
180,Bauxite_storage,AUS,12,0.0,0.0,0.0,0.0,0.0,0.0
181,Bauxite_storage,AUS,13,0.0,0.0,0.0,0.0,0.0,0.0
182,Bauxite_storage,AUT,0,0.0,0.0,0.0,0.0,0.0,0.0
183,Bauxite_storage,AUT,1,0.0,0.0,0.0,0.0,0.0,0.0
184,Bauxite_storage,AUT,2,0.0,0.0,0.0,0.0,0.0,0.0
185,Bauxite_storage,AUT,3,0.0,0.0,0.0,0.0,0.0,0.0
186,Bauxite_storage,AUT,4,0.0,0.0,0.0,0.0,0.0,0.0
187,Bauxite_storage,AUT,5,0.0,0.0,0.0,0.0,0.0,0.0
188,Bauxite_storage,AUT,6,0.0,0.0,0.0,0.0,0.0,0.0
189,Bauxite_storage,AUT,7,0.0,0.0,0.0,0.0,0.0,0.0
190,Bauxite_storage,AUT,8,0.0,0.0,0.0,0.0,0.0,0.0
191,Bauxite_storage,AUT,9,0.0,0.0,0.0,0.0,0.0,0.0
192,Bauxite_storage,AUT,10,0.0,0.0,0.0,0.0,0.0,0.0
193,Bauxite_storage,AUT,11,0.0,0.0,0.0,0.0,0.0,0.0
194,Bauxite_storage,AUT,12,0.0,0.0,0.0,0.0,0.0,0.0
195,Bauxite_storage,AUT,13,0.0,0.0,0.0,0.0,0.0,0.0
196,Bauxite_storage,BRA,0,0.0,0.0,0.0,0.0,0.0,0.0
197,Bauxite_storage,BRA,1,0.0,0.0,0.0,0.0,0.0,0.0
198,Bauxite_storage,BRA,2,0.0,0.0,0.0,0.0,0.0,0.0
199,Bauxite_storage,BRA,3,0.0,0.0,0.0,0.0,0.0,0.0
200,Bauxite_storage,BRA,4,0.0,0.0,0.0,0.0,0.0,0.0
201,Bauxite_storage,BRA,5,0.0,0.0,0.0,0.0,0.0,0.0
202,Bauxite_storage,BRA,6,0.0,0.0,0.0,0.0,0.0,0.0
203,Bauxite_storage,BRA,7,0.0,0.0,0.0,0.0,0.0,0.0
204,Bauxite_storage,BRA,8,0.0,0.0,0.0,0.0,0.0,0.0
205,Bauxite_storage,BRA,9,0.0,0.0,0.0,0.0,0.0,0.0
206,Bauxite_storage,BRA,10,0.0,0.0,0.0,0.0,0.0,0.0
207,Bauxite_storage,BRA,11,0.0,0.0,0.0,0.0,0.0,0.0
208,Bauxite_storage,BRA,12,0.0,0.0,0.0,0.0,0.0,0.0
209,Bauxite_storage,BRA,13,0.0,0.0,0.0,0.0,0.0,0.0
210,Bauxite_storage,CHN,0,0.0,0.0,0.0,0.0,0.0,0.0
211,Bauxite_storage,CHN,1,0.0,0.0,0.0,0.0,0.0,0.0
212,Bauxite_storage,CHN,2,0.0,0.0,0.0,0.0,0.0,0.0
213,Bauxite_storage,CHN,3,0.0,0.0,0.0,0.0,0.0,0.0
214,Bauxite_storage,CHN,4,0.0,0.0,0.0,0.0,0.0,0.0
215,Bauxite_storage,CHN,5,0.0,0.0,0.0,0.0,0.0,0.0
216,Bauxite_storage,CHN,6,0.0,0.0,0.0,0.0,0.0,0.0
217,Bauxite_storage,CHN,7,0.0,0.0,0.0,0.0,0.0,0.0
218,Bauxite_storage,CHN,8,0.0,0.0,0.0,0.0,0.0,0.0
219,Bauxite_storage,CHN,9,0.0,0.0,0.0,0.0,0.0,0.0
220,Bauxite_storage,CHN,10,0.0,0.0,0.0,0.0,0.0,0.0
221,Bauxite_storage,CHN,11,0.0,0.0,0.0,0.0,0.0,0.0
222,Bauxite_storage,CHN,12,0.0,0.0,0.0,0.0,0.0,0.0
223,Bauxite_storage,CHN,13,0.0,0.0,0.0,0.0,0.0,0.0
224,Bauxite_storage,CZE,0,0.0,0.0,0.0,0.0,0.0,0.0
225,Bauxite_storage,CZE,1,0.0,0.0,0.0,0.0,0.0,0.0
226,Bauxite_storage,CZE,2,0.0,0.0,0.0,0.0,0.0,0.0
227,Bauxite_storage,CZE,3,0.0,0.0,0.0,0.0,0.0,0.0
228,Bauxite_storage,CZE,4,0.0,0.0,0.0,0.0,0.0,0.0
229,Bauxite_storage,CZE,5,0.0,0.0,0.0,0.0,0.0,0.0
230,Bauxite_storage,CZE,6,0.0,0.0,0.0,0.0,0.0,0.0
231,Bauxite_storage,CZE,7,0.0,0.0,0.0,0.0,0.0,0.0
232,Bauxite_storage,CZE,8,0.0,0.0,0.0,0.0,0.0,0.0
233,Bauxite_storage,CZE,9,0.0,0.0,0.0,0.0,0.0,0.0
234,Bauxite_storage,CZE,10,0.0,0.0,0.0,0.0,0.0,0.0
235,Bauxite_storage,CZE,11,0.0,0.0,0.0,0.0,0.0,0.0
236,Bauxite_storage,CZE,12,0.0,0.0,0.0,0.0,0.0,0.0
237,Bauxite_storage,CZE,13,0.0,0.0,0.0,0.0,0.0,0.0
238,Bauxite_storage,DEU,0,0.0,0.0,0.0,0.0,0.0,0.0
239,Bauxite_storage,DEU,1,0.0,0.0,0.0,0.0,0.0,0.0
240,Bauxite_storage,DEU,2,0.0,0.0,0.0,0.0,0.0,0.0
241,Bauxite_storage,DEU,3,0.0,0.0,0.0,0.0,0.0,0.0
242,Bauxite_storage,DEU,4,0.0,0.0,0.0,0.0,0.0,0.0
243,Bauxite_storage,DEU,5,0.0,0.0,0.0,0.0,0.0,0.0
244,Bauxite_storage,DEU,6,0.0,0.0,0.0,0.0,0.0,0.0
245,Bauxite_storage,DEU,7,0.0,0.0,0.0,0.0,0.0,0.0
246,Bauxite_storage,DEU,8,0.0,0.0,0.0,0.0,0.0,0.0
247,Bauxite_storage,DEU,9,0.0,0.0,0.0,0.0,0.0,0.0
248,Bauxite_storage,DEU,10,0.0,0.0,0.0,0.0,0.0,0.0
249,Bauxite_storage,DEU,11,0.0,0.0,0.0,0.0,0.0,0.0
250,Bauxite_storage,DEU,12,0.0,0.0,0.0,0.0,0.0,0.0
251,Bauxite_storage,DEU,13,0.0,0.0,0.0,0.0,0.0,0.0
252,Bauxite_storage,ITA,0,0.0,0.0,0.0,0.0,0.0,0.0
253,Bauxite_storage,ITA,1,0.0,0.0,0.0,0.0,0.0,0.0
254,Bauxite_storage,ITA,2,0.0,0.0,0.0,0.0,0.0,0.0
255,Bauxite_storage,ITA,3,0.0,0.0,0.0,0.0,0.0,0.0
256,Bauxite_storage,ITA,4,0.0,0.0,0.0,0.0,0.0,0.0
257,Bauxite_storage,ITA,5,0.0,0.0,0.0,0.0,0.0,0.0
258,Bauxite_storage,ITA,6,0.0,0.0,0.0,0.0,0.0,0.0
259,Bauxite_storage,ITA,7,0.0,0.0,0.0,0.0,0.0,0.0
260,Bauxite_storage,ITA,8,0.0,0.0,0.0,0.0,0.0,0.0
261,Bauxite_storage,ITA,9,0.0,0.0,0.0,0.0,0.0,0.0
262,Bauxite_storage,ITA,10,0.0,0.0,0.0,0.0,0.0,0.0
263,Bauxite_storage,ITA,11,0.0,0.0,0.0,0.0,0.0,0.0
264,Bauxite_storage,ITA,12,0.0,0.0,0.0,0.0,0.0,0.0
265,Bauxite_storage,ITA,13,0.0,0.0,0.0,0.0,0.0,0.0
266,Bauxite_storage,JPN,0,0.0,0.0,0.0,0.0,0.0,0.0
267,Bauxite_storage,JPN,1,0.0,0.0,0.0,0.0,0.0,0.0
268,Bauxite_storage,JPN,2,0.0,0.0,0.0,0.0,0.0,0.0
269,Bauxite_storage,JPN,3,0.0,0.0,0.0,0.0,0.0,0.0
270,Bauxite_storage,JPN,4,0.0,0.0,0.0,0.0,0.0,0.0
271,Bauxite_storage,JPN,5,0.0,0.0,0.0,0.0,0.0,0.0
272,Bauxite_storage,JPN,6,0.0,0.0,0.0,0.0,0.0,0.0
273,Bauxite_storage,JPN,7,0.0,0.0,0.0,0.0,0.0,0.0
274,Bauxite_storage,JPN,8,0.0,0.0,0.0,0.0,0.0,0.0
275,Bauxite_storage,JPN,9,0.0,0.0,0.0,0.0,0.0,0.0
276,Bauxite_storage,JPN,10,0.0,0.0,0.0,0.0,0.0,0.0
277,Bauxite_storage,JPN,11,0.0,0.0,0.0,0.0,0.0,0.0
278,Bauxite_storage,JPN,12,0.0,0.0,0.0,0.0,0.0,0.0
279,Bauxite_storage,JPN,13,0.0,0.0,0.0,0.0,0.0,0.0
280,Bauxite_storage,KOR,0,0.0,0.0,0.0,0.0,0.0,0.0
281,Bauxite_storage,KOR,1,0.0,0.0,0.0,0.0,0.0,0.0
282,Bauxite_storage,KOR,2,0.0,0.0,0.0,0.0,0.0,0.0
283,Bauxite_storage,KOR,3,0.0,0.0,0.0,0.0,0.0,0.0
284,Bauxite_storage,KOR,4,0.0,0.0,0.0,0.0,0.0,0.0
285,Bauxite_storage,KOR,5,0.0,0.0,0.0,0.0,0.0,0.0
286,Bauxite_storage,KOR,6,0.0,0.0,0.0,0.0,0.0,0.0
287,Bauxite_storage,KOR,7,0.0,0.0,0.0,0.0,0.0,0.0
288,Bauxite_storage,KOR,8,0.0,0.0,0.0,0.0,0.0,0.0
289,Bauxite_storage,KOR,9,0.0,0.0,0.0,0.0,0.0,0.0
290,Bauxite_storage,KOR,10,0.0,0.0,0.0,0.0,0.0,0.0
291,Bauxite_storage,KOR,11,0.0,0.0,0.0,0.0,0.0,0.0
292,Bauxite_storage,KOR,12,0.0,0.0,0.0,0.0,0.0,0.0
293,Bauxite_storage,KOR,13,0.0,0.0,0.0,0.0,0.0,0.0
294,Bauxite_storage,ROE,0,0.0,0.0,0.0,0.0,0.0,0.0
295,Bauxite_storage,ROE,1,0.0,0.0,0.0,0.0,0.0,0.0
296,Bauxite_storage,ROE,2,0.0,0.0,0.0,0.0,0.0,0.0
297,Bauxite_storage,ROE,3,0.0,0.0,0.0,0.0,0.0,0.0
298,Bauxite_storage,ROE,4,0.0,0.0,0.0,0.0,0.0,0.0
299,Bauxite_storage,ROE,5,0.0,0.0,0.0,0.0,0.0,0.0
300,Bauxite_storage,ROE,6,0.0,0.0,0.0,0.0,0.0,0.0
301,Bauxite_storage,ROE,7,0.0,0.0,0.0,0.0,0.0,0.0
302,Bauxite_storage,ROE,8,0.0,0.0,0.0,0.0,0.0,0.0
303,Bauxite_storage,ROE,9,0.0,0.0,0.0,0.0,0.0,0.0
304,Bauxite_storage,ROE,10,0.0,0.0,0.0,0.0,0.0,0.0
305,Bauxite_storage,ROE,11,0.0,0.0,0.0,0.0,0.0,0.0
306,Bauxite_storage,ROE,12,0.0,0.0,0.0,0.0,0.0,0.0
307,Bauxite_storage,ROE,13,0.0,0.0,0.0,0.0,0.0,0.0
308,Bauxite_storage,ROW,0,0.0,0.0,0.0,0.0,0.0,0.0
309,Bauxite_storage,ROW,1,0.0,0.0,0.0,0.0,0.0,0.0
310,Bauxite_storage,ROW,2,0.0,0.0,0.0,0.0,0.0,0.0
311,Bauxite_storage,ROW,3,0.0,0.0,0.0,0.0,0.0,0.0
312,Bauxite_storage,ROW,4,0.0,0.0,0.0,0.0,0.0,0.0
313,Bauxite_storage,ROW,5,0.0,0.0,0.0,0.0,0.0,0.0
314,Bauxite_storage,ROW,6,0.0,0.0,0.0,0.0,0.0,0.0
315,Bauxite_storage,ROW,7,0.0,0.0,0.0,0.0,0.0,0.0
316,Bauxite_storage,ROW,8,0.0,0.0,0.0,0.0,0.0,0.0
317,Bauxite_storage,ROW,9,0.0,0.0,0.0,0.0,0.0,0.0
318,Bauxite_storage,ROW,10,0.0,0.0,0.0,0.0,0.0,0.0
319,Bauxite_storage,ROW,11,0.0,0.0,0.0,0.0,0.0,0.0
320,Bauxite_storage,ROW,12,0.0,0.0,0.0,0.0,0.0,0.0
321,Bauxite_storage,ROW,13,0.0,0.0,0.0,0.0,0.0,0.0
322,Bauxite_storage,USA,0,0.0,0.0,0.0,0.0,0.0,0.0
323,Bauxite_storage,USA,1,0.0,0.0,0.0,0.0,0.0,0.0
324,Bauxite_storage,USA,2,0.0,0.0,0.0,0.0,0.0,0.0
325,Bauxite_storage,USA,3,0.0,0.0,0.0,0.0,0.0,0.0
326,Bauxite_storage,USA,4,0.0,0.0,0.0,0.0,0.0,0.0
327,Bauxite_storage,USA,5,0.0,0.0,0.0,0.0,0.0,0.0
328,Bauxite_storage,USA,6,0.0,0.0,0.0,0.0,0.0,0.0
329,Bauxite_storage,USA,7,0.0,0.0,0.0,0.0,0.0,0.0
330,Bauxite_storage,USA,8,0.0,0.0,0.0,0.0,0.0,0.0
331,Bauxite_storage,USA,9,0.0,0.0,0.0,0.0,0.0,0.0
332,Bauxite_storage,USA,10,0.0,0.0,0.0,0.0,0.0,0.0
333,Bauxite_storage,USA,11,0.0,0.0,0.0,0.0,0.0,0.0
334,Bauxite_storage,USA,12,0.0,0.0,0.0,0.0,0.0,0.0
335,Bauxite_storage,USA,13,0.0,0.0,0.0,0.0,0.0,0.0
336,Compressor_storage,AUS,0,0.0,0.0,0.0,0.0,0.0,0.0
337,Compressor_storage,AUS,1,0.0,0.0,0.0,0.0,0.0,0.0
338,Compressor_storage,AUS,2,0.0,0.0,0.0,0.0,0.0,0.0
339,Compressor_storage,AUS,3,0.0,0.0,0.0,0.0,0.0,0.0
340,Compressor_storage,AUS,4,0.0,0.0,0.0,0.0,0.0,0.0
341,Compressor_storage,AUS,5,0.0,0.0,0.0,0.0,0.0,0.0
342,Compressor_storage,AUS,6,0.0,0.0,0.0,0.0,0.0,0.0
343,Compressor_storage,AUS,7,0.0,0.0,0.0,0.0,0.0,0.0
344,Compressor_storage,AUS,8,0.0,0.0,0.0,0.0,0.0,0.0
345,Compressor_storage,AUS,9,0.0,0.0,0.0,0.0,0.0,0.0
346,Compressor_storage,AUS,10,0.0,0.0,0.0,0.0,0.0,0.0
347,Compressor_storage,AUS,11,0.0,0.0,0.0,0.0,0.0,0.0
348,Compressor_storage,AUS,12,0.0,0.0,0.0,0.0,0.0,0.0
349,Compressor_storage,AUS,13,0.0,0.0,0.0,0.0,0.0,0.0
350,Compressor_storage,AUT,0,0.0,0.0,0.0,0.0,0.0,0.0
351,Compressor_storage,AUT,1,0.0,0.0,0.0,0.0,0.0,0.0
352,Compressor_storage,AUT,2,0.0,0.0,0.0,0.0,0.0,0.0
353,Compressor_storage,AUT,3,0.0,0.0,0.0,0.0,0.0,0.0
354,Compressor_storage,AUT,4,0.0,0.0,0.0,0.0,0.0,0.0
355,Compressor_storage,AUT,5,0.0,0.0,0.0,0.0,0.0,0.0
356,Compressor_storage,AUT,6,0.0,0.0,0.0,0.0,0.0,0.0
357,Compressor_storage,AUT,7,0.0,0.0,0.0,0.0,0.0,0.0
358,Compressor_storage,AUT,8,0.0,0.0,0.0,0.0,0.0,0.0
359,Compressor_storage,AUT,9,0.0,0.0,0.0,0.0,0.0,0.0
360,Compressor_storage,AUT,10,0.0,0.0,0.0,0.0,0.0,0.0
361,Compressor_storage,AUT,11,0.0,0.0,0.0,0.0,0.0,0.0
362,Compressor_storage,AUT,12,0.0,0.0,0.0,0.0,0.0,0.0
363,Compressor_storage,AUT,13,0.0,0.0,0.0,0.0,0.0,0.0
364,Compressor_storage,BRA,0,0.0,0.0,0.0,0.0,0.0,0.0
365,Compressor_storage,BRA,1,0.0,0.0,0.0,0.0,0.0,0.0
366,Compressor_storage,BRA,2,0.0,0.0,0.0,0.0,0.0,0.0
367,Compressor_storage,BRA,3,0.0,0.0,0.0,0.0,0.0,0.0
368,Compressor_storage,BRA,4,0.0,0.0,0.0,0.0,0.0,0.0
369,Compressor_storage,BRA,5,0.0,0.0,0.0,0.0,0.0,0.0
370,Compressor_storage,BRA,6,0.0,0.0,0.0,0.0,0.0,0.0
371,Compressor_storage,BRA,7,0.0,0.0,0.0,0.0,0.0,0.0
372,Compressor_storage,BRA,8,0.0,0.0,0.0,0.0,0.0,0.0
373,Compressor_storage,BRA,9,0.0,0.0,0.0,0.0,0.0,0.0
374,Compressor_storage,BRA,10,0.0,0.0,0.0,0.0,0.0,0.0
375,Compressor_storage,BRA,11,0.0,0.0,0.0,0.0,0.0,0.0
376,Compressor_storage,BRA,12,0.0,0.0,0.0,0.0,0.0,0.0
377,Compressor_storage,BRA,13,0.0,0.0,0.0,0.0,0.0,0.0
378,Compressor_storage,CHN,0,0.0,0.0,0.0,0.0,0.0,0.0
379,Compressor_storage,CHN,1,0.0,0.0,0.0,0.0,0.0,0.0
380,Compressor_storage,CHN,2,0.0,0.0,0.0,0.0,0.0,0.0
381,Compressor_storage,CHN,3,0.0,0.0,0.0,0.0,0.0,0.0
382,Compressor_storage,CHN,4,0.0,0.0,0.0,0.0,0.0,0.0
383,Compressor_storage,CHN,5,0.0,0.0,0.0,0.0,0.0,0.0
384,Compressor_storage,CHN,6,0.0,0.0,0.0,0.0,0.0,0.0
385,Compressor_storage,CHN,7,0.0,0.0,0.0,0.0,0.0,0.0
386,Compressor_storage,CHN,8,0.0,0.0,0.0,0.0,0.0,0.0
387,Compressor_storage,CHN,9,0.0,0.0,0.0,0.0,0.0,0.0
388,Compressor_storage,CHN,10,0.0,0.0,0.0,0.0,0.0,0.0
389,Compressor_storage,CHN,11,0.0,0.0,0.0,0.0,0.0,0.0
390,Compressor_storage,CHN,12,0.0,0.0,0.0,0.0,0.0,0.0
391,Compressor_storage,CHN,13,0.0,0.0,0.0,0.0,0.0,0.0
392,Compressor_storage,CZE,0,0.0,0.0,0.0,0.0,0.0,0.0
393,Compressor_storage,CZE,1,0.0,0.0,0.0,0.0,0.0,0.0
394,Compressor_storage,CZE,2,0.0,0.0,0.0,0.0,0.0,0.0
395,Compressor_storage,CZE,3,0.0,0.0,0.0,0.0,0.0,0.0
396,Compressor_storage,CZE,4,0.0,0.0,0.0,0.0,0.0,0.0
397,Compressor_storage,CZE,5,0.0,0.0,0.0,0.0,0.0,0.0
398,Compressor_storage,CZE,6,0.0,0.0,0.0,0.0,0.0,0.0
399,Compressor_storage,CZE,7,0.0,0.0,0.0,0.0,0.0,0.0
400,Compressor_storage,CZE,8,0.0,0.0,0.0,0.0,0.0,0.0
401,Compressor_storage,CZE,9,0.0,0.0,0.0,0.0,0.0,0.0
402,Compressor_storage,CZE,10,0.0,0.0,0.0,0.0,0.0,0.0
403,Compressor_storage,CZE,11,0.0,0.0,0.0,0.0,0.0,0.0
404,Compressor_storage,CZE,12,0.0,0.0,0.0,0.0,0.0,0.0
405,Compressor_storage,CZE,13,0.0,0.0,0.0,0.0,0.0,0.0
406,Compressor_storage,DEU,0,0.0,0.0,0.0,0.0,0.0,0.0
407,Compressor_storage,DEU,1,0.0,0.0,0.0,0.0,0.0,0.0
408,Compressor_storage,DEU,2,0.0,0.0,0.0,0.0,0.0,0.0
409,Compressor_storage,DEU,3,0.0,0.0,0.0,0.0,0.0,0.0
410,Compressor_storage,DEU,4,0.0,0.0,0.0,0.0,0.0,0.0
411,Compressor_storage,DEU,5,0.0,0.0,0.0,0.0,0.0,0.0
412,Compressor_storage,DEU,6,0.0,0.0,0.0,0.0,0.0,0.0
413,Compressor_storage,DEU,7,0.0,0.0,0.0,0.0,0.0,0.0
414,Compressor_storage,DEU,8,0.0,0.0,0.0,0.0,0.0,0.0
415,Compressor_storage,DEU,9,0.0,0.0,0.0,0.0,0.0,0.0
416,Compressor_storage,DEU,10,0.0,0.0,0.0,0.0,0.0,0.0
417,Compressor_storage,DEU,11,0.0,0.0,0.0,0.0,0.0,0.0
418,Compressor_storage,DEU,12,0.0,0.0,0.0,0.0,0.0,0.0
419,Compressor_storage,DEU,13,0.0,0.0,0.0,0.0,0.0,0.0
420,Compressor_storage,ITA,0,0.0,0.0,0.0,0.0,0.0,0.0
421,Compressor_storage,ITA,1,0.0,0.0,0.0,0.0,0.0,0.0
422,Compressor_storage,ITA,2,0.0,0.0,0.0,0.0,0.0,0.0
423,Compressor_storage,ITA,3,0.0,0.0,0.0,0.0,0.0,0.0
424,Compressor_storage,ITA,4,0.0,0.0,0.0,0.0,0.0,0.0
425,Compressor_storage,ITA,5,0.0,0.0,0.0,0.0,0.0,0.0
426,Compressor_storage,ITA,6,0.0,0.0,0.0,0.0,0.0,0.0
427,Compressor_storage,ITA,7,0.0,0.0,0.0,0.0,0.0,0.0
428,Compressor_storage,ITA,8,0.0,0.0,0.0,0.0,0.0,0.0
429,Compressor_storage,ITA,9,0.0,0.0,0.0,0.0,0.0,0.0
430,Compressor_storage,ITA,10,0.0,0.0,0.0,0.0,0.0,0.0
431,Compressor_storage,ITA,11,0.0,0.0,0.0,0.0,0.0,0.0
432,Compressor_storage,ITA,12,0.0,0.0,0.0,0.0,0.0,0.0
433,Compressor_storage,ITA,13,0.0,0.0,0.0,0.0,0.0,0.0
434,Compressor_storage,JPN,0,0.0,0.0,0.0,0.0,0.0,0.0
435,Compressor_storage,JPN,1,0.0,0.0,0.0,0.0,0.0,0.0
436,Compressor_storage,JPN,2,0.0,0.0,0.0,0.0,0.0,0.0
437,Compressor_storage,JPN,3,0.0,0.0,0.0,0.0,0.0,0.0
438,Compressor_storage,JPN,4,0.0,0.0,0.0,0.0,0.0,0.0
439,Compressor_storage,JPN,5,0.0,0.0,0.0,0.0,0.0,0.0
440,Compressor_storage,JPN,6,0.0,0.0,0.0,0.0,0.0,0.0
441,Compressor_storage,JPN,7,0.0,0.0,0.0,0.0,0.0,0.0
442,Compressor_storage,JPN,8,0.0,0.0,0.0,0.0,0.0,0.0
443,Compressor_storage,JPN,9,0.0,0.0,0.0,0.0,0.0,0.0
444,Compressor_storage,JPN,10,0.0,0.0,0.0,0.0,0.0,0.0
445,Compressor_storage,JPN,11,0.0,0.0,0.0,0.0,0.0,0.0
446,Compressor_storage,JPN,12,0.0,0.0,0.0,0.0,0.0,0.0
447,Compressor_storage,JPN,13,0.0,0.0,0.0,0.0,0.0,0.0
448,Compressor_storage,KOR,0,0.0,0.0,0.0,0.0,0.0,0.0
449,Compressor_storage,KOR,1,0.0,0.0,0.0,0.0,0.0,0.0
450,Compressor_storage,KOR,2,0.0,0.0,0.0,0.0,0.0,0.0
451,Compressor_storage,KOR,3,0.0,0.0,0.0,0.0,0.0,0.0
452,Compressor_storage,KOR,4,0.0,0.0,0.0,0.0,0.0,0.0
453,Compressor_storage,KOR,5,0.0,0.0,0.0,0.0,0.0,0.0
454,Compressor_storage,KOR,6,0.0,0.0,0.0,0.0,0.0,0.0
455,Compressor_storage,KOR,7,0.0,0.0,0.0,0.0,0.0,0.0
456,Compressor_storage,KOR,8,0.0,0.0,0.0,0.0,0.0,0.0
457,Compressor_storage,KOR,9,0.0,0.0,0.0,0.0,0.0,0.0
458,Compressor_storage,KOR,10,0.0,0.0,0.0,0.0,0.0,0.0
459,Compressor_storage,KOR,11,0.0,0.0,0.0,0.0,0.0,0.0
460,Compressor_storage,KOR,12,0.0,0.0,0.0,0.0,0.0,0.0
461,Compressor_storage,KOR,13,0.0,0.0,0.0,0.0,0.0,0.0
462,Compressor_storage,ROE,0,0.0,0.0,0.0,0.0,0.0,0.0
463,Compressor_storage,ROE,1,0.0,0.0,0.0,0.0,0.0,0.0
464,Compressor_storage,ROE,2,0.0,0.0,0.0,0.0,0.0,0.0
465,Compressor_storage,ROE,3,0.0,0.0,0.0,0.0,0.0,0.0
466,Compressor_storage,ROE,4,0.0,0.0,0.0,0.0,0.0,0.0
467,Compressor_storage,ROE,5,0.0,0.0,0.0,0.0,0.0,0.0
468,Compressor_storage,ROE,6,0.0,0.0,0.0,0.0,0.0,0.0
469,Compressor_storage,ROE,7,0.0,0.0,0.0,0.0,0.0,0.0
470,Compressor_storage,ROE,8,0.0,0.0,0.0,0.0,0.0,0.0
471,Compressor_storage,ROE,9,0.0,0.0,0.0,0.0,0.0,0.0
472,Compressor_storage,ROE,10,0.0,0.0,0.0,0.0,0.0,0.0
473,Compressor_storage,ROE,11,0.0,0.0,0.0,0.0,0.0,0.0
474,Compressor_storage,ROE,12,0.0,0.0,0.0,0.0,0.0,0.0
475,Compressor_storage,ROE,13,0.0,0.0,0.0,0.0,0.0,0.0
476,Compressor_storage,ROW,0,0.0,0.0,0.0,0.0,0.0,0.0
477,Compressor_storage,ROW,1,0.0,0.0,0.0,0.0,0.0,0.0
478,Compressor_storage,ROW,2,0.0,0.0,0.0,0.0,0.0,0.0
479,Compressor_storage,ROW,3,0.0,0.0,0.0,0.0,0.0,0.0
480,Compressor_storage,ROW,4,0.0,0.0,0.0,0.0,0.0,0.0
481,Compressor_storage,ROW,5,0.0,0.0,0.0,0.0,0.0,0.0
482,Compressor_storage,ROW,6,0.0,0.0,0.0,0.0,0.0,0.0
483,Compressor_storage,ROW,7,0.0,0.0,0.0,0.0,0.0,0.0
484,Compressor_storage,ROW,8,0.0,0.0,0.0,0.0,0.0,0.0
485,Compressor_storage,ROW,9,0.0,0.0,0.0,0.0,0.0,0.0
486,Compressor_storage,ROW,10,0.0,0.0,0.0,0.0,0.0,0.0
487,Compressor_storage,ROW,11,0.0,0.0,0.0,0.0,0.0,0.0
488,Compressor_storage,ROW,12,0.0,0.0,0.0,0.0,0.0,0.0
489,Compressor_storage,ROW,13,0.0,0.0,0.0,0.0,0.0,0.0
490,Compressor_storage,USA,0,0.0,0.0,0.0,0.0,0.0,0.0
491,Compressor_storage,USA,1,0.0,0.0,0.0,0.0,0.0,0.0
492,Compressor_storage,USA,2,0.0,0.0,0.0,0.0,0.0,0.0
493,Compressor_storage,USA,3,0.0,0.0,0.0,0.0,0.0,0.0
494,Compressor_storage,USA,4,0.0,0.0,0.0,0.0,0.0,0.0
495,Compressor_storage,USA,5,0.0,0.0,0.0,0.0,0.0,0.0
496,Compressor_storage,USA,6,0.0,0.0,0.0,0.0,0.0,0.0
497,Compressor_storage,USA,7,0.0,0.0,0.0,0.0,0.0,0.0
498,Compressor_storage,USA,8,0.0,0.0,0.0,0.0,0.0,0.0
499,Compressor_storage,USA,9,0.0,0.0,0.0,0.0,0.0,0.0
500,Compressor_storage,USA,10,0.0,0.0,0.0,0.0,0.0,0.0
501,Compressor_storage,USA,11,0.0,0.0,0.0,0.0,0.0,0.0
502,Compressor_storage,USA,12,0.0,0.0,0.0,0.0,0.0,0.0
503,Compressor_storage,USA,13,0.0,0.0,0.0,0.0,0.0,0.0
504,Copper_storage,AUS,0,0.0,0.0,0.0,0.0,0.0,0.0
505,Copper_storage,AUS,1,0.0,0.0,0.0,0.0,0.0,0.0
506,Copper_storage,AUS,2,0.0,0.0,0.0,0.0,0.0,0.0
507,Copper_storage,AUS,3,0.0,0.0,0.0,0.0,0.0,0.0
508,Copper_storage,AUS,4,0.0,0.0,0.0,0.0,0.0,0.0
509,Copper_storage,AUS,5,0.0,0.0,0.0,0.0,0.0,0.0
510,Copper_storage,AUS,6,0.0,0.0,0.0,0.0,0.0,0.0
511,Copper_storage,AUS,7,0.0,0.0,0.0,0.0,0.0,0.0
512,Copper_storage,AUS,8,0.0,0.0,0.0,0.0,0.0,0.0
513,Copper_storage,AUS,9,0.0,0.0,0.0,0.0,0.0,0.0
514,Copper_storage,AUS,10,0.0,0.0,0.0,0.0,0.0,0.0
515,Copper_storage,AUS,11,0.0,0.0,0.0,0.0,0.0,0.0
516,Copper_storage,AUS,12,0.0,0.0,0.0,0.0,0.0,0.0
517,Copper_storage,AUS,13,0.0,0.0,0.0,0.0,0.0,0.0
518,Copper_storage,AUT,0,0.0,0.0,0.0,0.0,0.0,0.0
519,Copper_storage,AUT,1,0.0,0.0,0.0,0.0,0.0,0.0
520,Copper_storage,AUT,2,0.0,0.0,0.0,0.0,0.0,0.0
521,Copper_storage,AUT,3,0.0,0.0,0.0,0.0,0.0,0.0
522,Copper_storage,AUT,4,0.0,0.0,0.0,0.0,0.0,0.0
523,Copper_storage,AUT,5,0.0,0.0,0.0,0.0,0.0,0.0
524,Copper_storage,AUT,6,0.0,0.0,0.0,0.0,0.0,0.0
525,Copper_storage,AUT,7,0.0,0.0,0.0,0.0,0.0,0.0
526,Copper_storage,AUT,8,0.0,0.0,0.0,0.0,0.0,0.0
527,Copper_storage,AUT,9,0.0,0.0,0.0,0.0,0.0,0.0
528,Copper_storage,AUT,10,0.0,0.0,0.0,0.0,0.0,0.0
529,Copper_storage,AUT,11,0.0,0.0,0.0,0.0,0.0,0.0
530,Copper_storage,AUT,12,0.0,0.0,0.0,0.0,0.0,0.0
531,Copper_storage,AUT,13,0.0,0.0,0.0,0.0,0.0,0.0
532,Copper_storage,BRA,0,0.0,0.0,0.0,0.0,0.0,0.0
533,Copper_storage,BRA,1,0.0,0.0,0.0,0.0,0.0,0.0
534,Copper_storage,BRA,2,0.0,0.0,0.0,0.0,0.0,0.0
535,Copper_storage,BRA,3,0.0,0.0,0.0,0.0,0.0,0.0
536,Copper_storage,BRA,4,0.0,0.0,0.0,0.0,0.0,0.0
537,Copper_storage,BRA,5,0.0,0.0,0.0,0.0,0.0,0.0
538,Copper_storage,BRA,6,0.0,0.0,0.0,0.0,0.0,0.0
539,Copper_storage,BRA,7,0.0,0.0,0.0,0.0,0.0,0.0
540,Copper_storage,BRA,8,0.0,0.0,0.0,0.0,0.0,0.0
541,Copper_storage,BRA,9,0.0,0.0,0.0,0.0,0.0,0.0
542,Copper_storage,BRA,10,0.0,0.0,0.0,0.0,0.0,0.0
543,Copper_storage,BRA,11,0.0,0.0,0.0,0.0,0.0,0.0
544,Copper_storage,BRA,12,0.0,0.0,0.0,0.0,0.0,0.0
545,Copper_storage,BRA,13,0.0,0.0,0.0,0.0,0.0,0.0
546,Copper_storage,CHN,0,0.0,0.0,0.0,0.0,0.0,0.0
547,Copper_storage,CHN,1,0.0,0.0,0.0,0.0,0.0,0.0
548,Copper_storage,CHN,2,0.0,0.0,0.0,0.0,0.0,0.0
549,Copper_storage,CHN,3,0.0,0.0,0.0,0.0,0.0,0.0
550,Copper_storage,CHN,4,0.0,0.0,0.0,0.0,0.0,0.0
551,Copper_storage,CHN,5,0.0,0.0,0.0,0.0,0.0,0.0
552,Copper_storage,CHN,6,0.0,0.0,0.0,0.0,0.0,0.0
553,Copper_storage,CHN,7,0.0,0.0,0.0,0.0,0.0,0.0
554,Copper_storage,CHN,8,0.0,0.0,0.0,0.0,0.0,0.0
555,Copper_storage,CHN,9,0.0,0.0,0.0,0.0,0.0,0.0
556,Copper_storage,CHN,10,0.0,0.0,0.0,0.0,0.0,0.0
557,Copper_storage,CHN,11,0.0,0.0,0.0,0.0,0.0,0.0
558,Copper_storage,CHN,12,0.0,0.0,0.0,0.0,0.0,0.0
559,Copper_storage,CHN,13,0.0,0.0,0.0,0.0,0.0,0.0
560,Copper_storage,CZE,0,0.0,0.0,0.0,0.0,0.0,0.0
561,Copper_storage,CZE,1,0.0,0.0,0.0,0.0,0.0,0.0
562,Copper_storage,CZE,2,0.0,0.0,0.0,0.0,0.0,0.0
563,Copper_storage,CZE,3,0.0,0.0,0.0,0.0,0.0,0.0
564,Copper_storage,CZE,4,0.0,0.0,0.0,0.0,0.0,0.0
565,Copper_storage,CZE,5,0.0,0.0,0.0,0.0,0.0,0.0
566,Copper_storage,CZE,6,0.0,0.0,0.0,0.0,0.0,0.0
567,Copper_storage,CZE,7,0.0,0.0,0.0,0.0,0.0,0.0
568,Copper_storage,CZE,8,0.0,0.0,0.0,0.0,0.0,0.0
569,Copper_storage,CZE,9,0.0,0.0,0.0,0.0,0.0,0.0
570,Copper_storage,CZE,10,0.0,0.0,0.0,0.0,0.0,0.0
571,Copper_storage,CZE,11,0.0,0.0,0.0,0.0,0.0,0.0
572,Copper_storage,CZE,12,0.0,0.0,0.0,0.0,0.0,0.0
573,Copper_storage,CZE,13,0.0,0.0,0.0,0.0,0.0,0.0
574,Copper_storage,DEU,0,0.0,0.0,0.0,0.0,0.0,0.0
575,Copper_storage,DEU,1,0.0,0.0,0.0,0.0,0.0,0.0
576,Copper_storage,DEU,2,0.0,0.0,0.0,0.0,0.0,0.0
577,Copper_storage,DEU,3,0.0,0.0,0.0,0.0,0.0,0.0
578,Copper_storage,DEU,4,0.0,0.0,0.0,0.0,0.0,0.0
579,Copper_storage,DEU,5,0.0,0.0,0.0,0.0,0.0,0.0
580,Copper_storage,DEU,6,0.0,0.0,0.0,0.0,0.0,0.0
581,Copper_storage,DEU,7,0.0,0.0,0.0,0.0,0.0,0.0
582,Copper_storage,DEU,8,0.0,0.0,0.0,0.0,0.0,0.0
583,Copper_storage,DEU,9,0.0,0.0,0.0,0.0,0.0,0.0
584,Copper_storage,DEU,10,0.0,0.0,0.0,0.0,0.0,0.0
585,Copper_storage,DEU,11,0.0,0.0,0.0,0.0,0.0,0.0
586,Copper_storage,DEU,12,0.0,0.0,0.0,0.0,0.0,0.0
587,Copper_storage,DEU,13,0.0,0.0,0.0,0.0,0.0,0.0
588,Copper_storage,ITA,0,0.0,0.0,0.0,0.0,0.0,0.0
589,Copper_storage,ITA,1,0.0,0.0,0.0,0.0,0.0,0.0
590,Copper_storage,ITA,2,0.0,0.0,0.0,0.0,0.0,0.0
591,Copper_storage,ITA,3,0.0,0.0,0.0,0.0,0.0,0.0
592,Copper_storage,ITA,4,0.0,0.0,0.0,0.0,0.0,0.0
593,Copper_storage,ITA,5,0.0,0.0,0.0,0.0,0.0,0.0
594,Copper_storage,ITA,6,0.0,0.0,0.0,0.0,0.0,0.0
595,Copper_storage,ITA,7,0.0,0.0,0.0,0.0,0.0,0.0
596,Copper_storage,ITA,8,0.0,0.0,0.0,0.0,0.0,0.0
597,Copper_storage,ITA,9,0.0,0.0,0.0,0.0,0.0,0.0
598,Copper_storage,ITA,10,0.0,0.0,0.0,0.0,0.0,0.0
599,Copper_storage,ITA,11,0.0,0.0,0.0,0.0,0.0,0.0
600,Copper_storage,ITA,12,0.0,0.0,0.0,0.0,0.0,0.0
601,Copper_storage,ITA,13,0.0,0.0,0.0,0.0,0.0,0.0
602,Copper_storage,JPN,0,0.0,0.0,0.0,0.0,0.0,0.0
603,Copper_storage,JPN,1,0.0,0.0,0.0,0.0,0.0,0.0
604,Copper_storage,JPN,2,0.0,0.0,0.0,0.0,0.0,0.0
605,Copper_storage,JPN,3,0.0,0.0,0.0,0.0,0.0,0.0
606,Copper_storage,JPN,4,0.0,0.0,0.0,0.0,0.0,0.0
607,Copper_storage,JPN,5,0.0,0.0,0.0,0.0,0.0,0.0
608,Copper_storage,JPN,6,0.0,0.0,0.0,0.0,0.0,0.0
609,Copper_storage,JPN,7,0.0,0.0,0.0,0.0,0.0,0.0
610,Copper_storage,JPN,8,0.0,0.0,0.0,0.0,0.0,0.0
611,Copper_storage,JPN,9,0.0,0.0,0.0,0.0,0.0,0.0
612,Copper_storage,JPN,10,0.0,0.0,0.0,0.0,0.0,0.0
613,Copper_storage,JPN,11,0.0,0.0,0.0,0.0,0.0,0.0
614,Copper_storage,JPN,12,0.0,0.0,0.0,0.0,0.0,0.0
615,Copper_storage,JPN,13,0.0,0.0,0.0,0.0,0.0,0.0
616,Copper_storage,KOR,0,0.0,0.0,0.0,0.0,0.0,0.0
617,Copper_storage,KOR,1,0.0,0.0,0.0,0.0,0.0,0.0
618,Copper_storage,KOR,2,0.0,0.0,0.0,0.0,0.0,0.0
619,Copper_storage,KOR,3,0.0,0.0,0.0,0.0,0.0,0.0
620,Copper_storage,KOR,4,0.0,0.0,0.0,0.0,0.0,0.0
621,Copper_storage,KOR,5,0.0,0.0,0.0,0.0,0.0,0.0
622,Copper_storage,KOR,6,0.0,0.0,0.0,0.0,0.0,0.0
623,Copper_storage,KOR,7,0.0,0.0,0.0,0.0,0.0,0.0
624,Copper_storage,KOR,8,0.0,0.0,0.0,0.0,0.0,0.0
625,Copper_storage,KOR,9,0.0,0.0,0.0,0.0,0.0,0.0
626,Copper_storage,KOR,10,0.0,0.0,0.0,0.0,0.0,0.0
627,Copper_storage,KOR,11,0.0,0.0,0.0,0.0,0.0,0.0
628,Copper_storage,KOR,12,0.0,0.0,0.0,0.0,0.0,0.0
629,Copper_storage,KOR,13,0.0,0.0,0.0,0.0,0.0,0.0
630,Copper_storage,ROE,0,0.0,0.0,0.0,0.0,0.0,0.0
631,Copper_storage,ROE,1,0.0,0.0,0.0,0.0,0.0,0.0
632,Copper_storage,ROE,2,0.0,0.0,0.0,0.0,0.0,0.0
633,Copper_storage,ROE,3,0.0,0.0,0.0,0.0,0.0,0.0
634,Copper_storage,ROE,4,0.0,0.0,0.0,0.0,0.0,0.0
635,Copper_storage,ROE,5,0.0,0.0,0.0,0.0,0.0,0.0
636,Copper_storage,ROE,6,0.0,0.0,0.0,0.0,0.0,0.0
637,Copper_storage,ROE,7,0.0,0.0,0.0,0.0,0.0,0.0
638,Copper_storage,ROE,8,0.0,0.0,0.0,0.0,0.0,0.0
639,Copper_storage,ROE,9,0.0,0.0,0.0,0.0,0.0,0.0
640,Copper_storage,ROE,10,0.0,0.0,0.0,0.0,0.0,0.0
641,Copper_storage,ROE,11,0.0,0.0,0.0,0.0,0.0,0.0
642,Copper_storage,ROE,12,0.0,0.0,0.0,0.0,0.0,0.0
643,Copper_storage,ROE,13,0.0,0.0,0.0,0.0,0.0,0.0
644,Copper_storage,ROW,0,0.0,0.0,0.0,0.0,0.0,0.0
645,Copper_storage,ROW,1,0.0,0.0,0.0,0.0,0.0,0.0
646,Copper_storage,ROW,2,0.0,0.0,0.0,0.0,0.0,0.0
647,Copper_storage,ROW,3,0.0,0.0,0.0,0.0,0.0,0.0
648,Copper_storage,ROW,4,0.0,0.0,0.0,0.0,0.0,0.0
649,Copper_storage,ROW,5,0.0,0.0,0.0,0.0,0.0,0.0
650,Copper_storage,ROW,6,0.0,0.0,0.0,0.0,0.0,0.0
651,Copper_storage,ROW,7,0.0,0.0,0.0,0.0,0.0,0.0
652,Copper_storage,ROW,8,0.0,0.0,0.0,0.0,0.0,0.0
653,Copper_storage,ROW,9,0.0,0.0,0.0,0.0,0.0,0.0
654,Copper_storage,ROW,10,0.0,0.0,0.0,0.0,0.0,0.0
655,Copper_storage,ROW,11,0.0,0.0,0.0,0.0,0.0,0.0
656,Copper_storage,ROW,12,0.0,0.0,0.0,0.0,0.0,0.0
657,Copper_storage,ROW,13,0.0,0.0,0.0,0.0,0.0,0.0
658,Copper_storage,USA,0,0.0,0.0,0.0,0.0,0.0,0.0
659,Copper_storage,USA,1,0.0,0.0,0.0,0.0,0.0,0.0
660,Copper_storage,USA,2,0.0,0.0,0.0,0.0,0.0,0.0
661,Copper_storage,USA,3,0.0,0.0,0.0,0.0,0.0,0.0
662,Copper_storage,USA,4,0.0,0.0,0.0,0.0,0.0,0.0
663,Copper_storage,USA,5,0.0,0.0,0.0,0.0,0.0,0.0
664,Copper_storage,USA,6,0.0,0.0,0.0,0.0,0.0,0.0
665,Copper_storage,USA,7,0.0,0.0,0.0,0.0,0.0,0.0
666,Copper_storage,USA,8,0.0,0.0,0.0,0.0,0.0,0.0
667,Copper_storage,USA,9,0.0,0.0,0.0,0.0,0.0,0.0
668,Copper_storage,USA,10,0.0,0.0,0.0,0.0,0.0,0.0
669,Copper_storage,USA,11,0.0,0.0,0.0,0.0,0.0,0.0
670,Copper_storage,USA,12,0.0,0.0,0.0,0.0,0.0,0.0
671,Copper_storage,USA,13,0.0,0.0,0.0,0.0,0.0,0.0
672,HEX_storage,AUS,0,0.0,0.0,0.0,0.0,0.0,0.0
673,HEX_storage,AUS,1,0.0,0.0,0.0,0.0,0.0,0.0
674,HEX_storage,AUS,2,0.0,0.0,0.0,0.0,0.0,0.0
675,HEX_storage,AUS,3,0.0,0.0,0.0,0.0,0.0,0.0
676,HEX_storage,AUS,4,0.0,0.0,0.0,0.0,0.0,0.0
677,HEX_storage,AUS,5,0.0,0.0,0.0,0.0,0.0,0.0
678,HEX_storage,AUS,6,0.0,0.0,0.0,0.0,0.0,0.0
679,HEX_storage,AUS,7,0.0,0.0,0.0,0.0,0.0,0.0
680,HEX_storage,AUS,8,0.0,0.0,0.0,0.0,0.0,0.0
681,HEX_storage,AUS,9,0.0,0.0,0.0,0.0,0.0,0.0
682,HEX_storage,AUS,10,0.0,0.0,0.0,0.0,0.0,0.0
683,HEX_storage,AUS,11,0.0,0.0,0.0,0.0,0.0,0.0
684,HEX_storage,AUS,12,0.0,0.0,0.0,0.0,0.0,0.0
685,HEX_storage,AUS,13,0.0,0.0,0.0,0.0,0.0,0.0
686,HEX_storage,AUT,0,0.0,0.0,0.0,0.0,0.0,0.0
687,HEX_storage,AUT,1,0.0,0.0,0.0,0.0,0.0,0.0
688,HEX_storage,AUT,2,0.0,0.0,0.0,0.0,0.0,0.0
689,HEX_storage,AUT,3,0.0,0.0,0.0,0.0,0.0,0.0
690,HEX_storage,AUT,4,0.0,0.0,0.0,0.0,0.0,0.0
691,HEX_storage,AUT,5,0.0,0.0,0.0,0.0,0.0,0.0
692,HEX_storage,AUT,6,0.0,0.0,0.0,0.0,0.0,0.0
693,HEX_storage,AUT,7,0.0,0.0,0.0,0.0,0.0,0.0
694,HEX_storage,AUT,8,0.0,0.0,0.0,0.0,0.0,0.0
695,HEX_storage,AUT,9,0.0,0.0,0.0,0.0,0.0,0.0
696,HEX_storage,AUT,10,0.0,0.0,0.0,0.0,0.0,0.0
697,HEX_storage,AUT,11,0.0,0.0,0.0,0.0,0.0,0.0
698,HEX_storage,AUT,12,0.0,0.0,0.0,0.0,0.0,0.0
699,HEX_storage,AUT,13,0.0,0.0,0.0,0.0,0.0,0.0
700,HEX_storage,BRA,0,0.0,0.0,0.0,0.0,0.0,0.0
701,HEX_storage,BRA,1,0.0,0.0,0.0,0.0,0.0,0.0
702,HEX_storage,BRA,2,0.0,0.0,0.0,0.0,0.0,0.0
703,HEX_storage,BRA,3,0.0,0.0,0.0,0.0,0.0,0.0
704,HEX_storage,BRA,4,0.0,0.0,0.0,0.0,0.0,0.0
705,HEX_storage,BRA,5,0.0,0.0,0.0,0.0,0.0,0.0
706,HEX_storage,BRA,6,0.0,0.0,0.0,0.0,0.0,0.0
707,HEX_storage,BRA,7,0.0,0.0,0.0,0.0,0.0,0.0
708,HEX_storage,BRA,8,0.0,0.0,0.0,0.0,0.0,0.0
709,HEX_storage,BRA,9,0.0,0.0,0.0,0.0,0.0,0.0
710,HEX_storage,BRA,10,0.0,0.0,0.0,0.0,0.0,0.0
711,HEX_storage,BRA,11,0.0,0.0,0.0,0.0,0.0,0.0
712,HEX_storage,BRA,12,0.0,0.0,0.0,0.0,0.0,0.0
713,HEX_storage,BRA,13,0.0,0.0,0.0,0.0,0.0,0.0
714,HEX_storage,CHN,0,0.0,0.0,0.0,0.0,0.0,0.0
715,HEX_storage,CHN,1,0.0,0.0,0.0,0.0,0.0,0.0
716,HEX_storage,CHN,2,0.0,0.0,0.0,0.0,0.0,0.0
717,HEX_storage,CHN,3,0.0,0.0,0.0,0.0,0.0,0.0
718,HEX_storage,CHN,4,0.0,0.0,0.0,0.0,0.0,0.0
719,HEX_storage,CHN,5,0.0,0.0,0.0,0.0,0.0,0.0
720,HEX_storage,CHN,6,0.0,0.0,0.0,0.0,0.0,0.0
721,HEX_storage,CHN,7,0.0,0.0,0.0,0.0,0.0,0.0
722,HEX_storage,CHN,8,0.0,0.0,0.0,0.0,0.0,0.0
723,HEX_storage,CHN,9,0.0,0.0,0.0,0.0,0.0,0.0
724,HEX_storage,CHN,10,0.0,0.0,0.0,0.0,0.0,0.0
725,HEX_storage,CHN,11,0.0,0.0,0.0,0.0,0.0,0.0
726,HEX_storage,CHN,12,0.0,0.0,0.0,0.0,0.0,0.0
727,HEX_storage,CHN,13,0.0,0.0,0.0,0.0,0.0,0.0
728,HEX_storage,CZE,0,0.0,0.0,0.0,0.0,0.0,0.0
729,HEX_storage,CZE,1,0.0,0.0,0.0,0.0,0.0,0.0
730,HEX_storage,CZE,2,0.0,0.0,0.0,0.0,0.0,0.0
731,HEX_storage,CZE,3,0.0,0.0,0.0,0.0,0.0,0.0
732,HEX_storage,CZE,4,0.0,0.0,0.0,0.0,0.0,0.0
733,HEX_storage,CZE,5,0.0,0.0,0.0,0.0,0.0,0.0
734,HEX_storage,CZE,6,0.0,0.0,0.0,0.0,0.0,0.0
735,HEX_storage,CZE,7,0.0,0.0,0.0,0.0,0.0,0.0
736,HEX_storage,CZE,8,0.0,0.0,0.0,0.0,0.0,0.0
737,HEX_storage,CZE,9,0.0,0.0,0.0,0.0,0.0,0.0
738,HEX_storage,CZE,10,0.0,0.0,0.0,0.0,0.0,0.0
739,HEX_storage,CZE,11,0.0,0.0,0.0,0.0,0.0,0.0
740,HEX_storage,CZE,12,0.0,0.0,0.0,0.0,0.0,0.0
741,HEX_storage,CZE,13,0.0,0.0,0.0,0.0,0.0,0.0
742,HEX_storage,DEU,0,0.0,0.0,0.0,0.0,0.0,0.0
743,HEX_storage,DEU,1,0.0,0.0,0.0,0.0,0.0,0.0
744,HEX_storage,DEU,2,0.0,0.0,0.0,0.0,0.0,0.0
745,HEX_storage,DEU,3,0.0,0.0,0.0,0.0,0.0,0.0
746,HEX_storage,DEU,4,0.0,0.0,0.0,0.0,0.0,0.0
747,HEX_storage,DEU,5,0.0,0.0,0.0,0.0,0.0,0.0
748,HEX_storage,DEU,6,0.0,0.0,0.0,0.0,0.0,0.0
749,HEX_storage,DEU,7,0.0,0.0,0.0,0.0,0.0,0.0
750,HEX_storage,DEU,8,0.0,0.0,0.0,0.0,0.0,0.0
751,HEX_storage,DEU,9,0.0,0.0,0.0,0.0,0.0,0.0
752,HEX_storage,DEU,10,0.0,0.0,0.0,0.0,0.0,0.0
753,HEX_storage,DEU,11,0.0,0.0,0.0,0.0,0.0,0.0
754,HEX_storage,DEU,12,0.0,0.0,0.0,0.0,0.0,0.0
755,HEX_storage,DEU,13,0.0,0.0,0.0,0.0,0.0,0.0
756,HEX_storage,ITA,0,0.0,0.0,0.0,0.0,0.0,0.0
757,HEX_storage,ITA,1,0.0,0.0,0.0,0.0,0.0,0.0
758,HEX_storage,ITA,2,0.0,0.0,0.0,0.0,0.0,0.0
759,HEX_storage,ITA,3,0.0,0.0,0.0,0.0,0.0,0.0
760,HEX_storage,ITA,4,0.0,0.0,0.0,0.0,0.0,0.0
761,HEX_storage,ITA,5,0.0,0.0,0.0,0.0,0.0,0.0
762,HEX_storage,ITA,6,0.0,0.0,0.0,0.0,0.0,0.0
763,HEX_storage,ITA,7,0.0,0.0,0.0,0.0,0.0,0.0
764,HEX_storage,ITA,8,0.0,0.0,0.0,0.0,0.0,0.0
765,HEX_storage,ITA,9,0.0,0.0,0.0,0.0,0.0,0.0
766,HEX_storage,ITA,10,0.0,0.0,0.0,0.0,0.0,0.0
767,HEX_storage,ITA,11,0.0,0.0,0.0,0.0,0.0,0.0
768,HEX_storage,ITA,12,0.0,0.0,0.0,0.0,0.0,0.0
769,HEX_storage,ITA,13,0.0,0.0,0.0,0.0,0.0,0.0
770,HEX_storage,JPN,0,0.0,0.0,0.0,0.0,0.0,0.0
771,HEX_storage,JPN,1,0.0,0.0,0.0,0.0,0.0,0.0
772,HEX_storage,JPN,2,0.0,0.0,0.0,0.0,0.0,0.0
773,HEX_storage,JPN,3,0.0,0.0,0.0,0.0,0.0,0.0
774,HEX_storage,JPN,4,0.0,0.0,0.0,0.0,0.0,0.0
775,HEX_storage,JPN,5,0.0,0.0,0.0,0.0,0.0,0.0
776,HEX_storage,JPN,6,0.0,0.0,0.0,0.0,0.0,0.0
777,HEX_storage,JPN,7,0.0,0.0,0.0,0.0,0.0,0.0
778,HEX_storage,JPN,8,0.0,0.0,0.0,0.0,0.0,0.0
779,HEX_storage,JPN,9,0.0,0.0,0.0,0.0,0.0,0.0
780,HEX_storage,JPN,10,0.0,0.0,0.0,0.0,0.0,0.0
781,HEX_storage,JPN,11,0.0,0.0,0.0,0.0,0.0,0.0
782,HEX_storage,JPN,12,0.0,0.0,0.0,0.0,0.0,0.0
783,HEX_storage,JPN,13,0.0,0.0,0.0,0.0,0.0,0.0
784,HEX_storage,KOR,0,0.0,0.0,0.0,0.0,0.0,0.0
785,HEX_storage,KOR,1,0.0,0.0,0.0,0.0,0.0,0.0
786,HEX_storage,KOR,2,0.0,0.0,0.0,0.0,0.0,0.0
787,HEX_storage,KOR,3,0.0,0.0,0.0,0.0,0.0,0.0
788,HEX_storage,KOR,4,0.0,0.0,0.0,0.0,0.0,0.0
789,HEX_storage,KOR,5,0.0,0.0,0.0,0.0,0.0,0.0
790,HEX_storage,KOR,6,0.0,0.0,0.0,0.0,0.0,0.0
791,HEX_storage,KOR,7,0.0,0.0,0.0,0.0,0.0,0.0
792,HEX_storage,KOR,8,0.0,0.0,0.0,0.0,0.0,0.0
793,HEX_storage,KOR,9,0.0,0.0,0.0,0.0,0.0,0.0
794,HEX_storage,KOR,10,0.0,0.0,0.0,0.0,0.0,0.0
795,HEX_storage,KOR,11,0.0,0.0,0.0,0.0,0.0,0.0
796,HEX_storage,KOR,12,0.0,0.0,0.0,0.0,0.0,0.0
797,HEX_storage,KOR,13,0.0,0.0,0.0,0.0,0.0,0.0
798,HEX_storage,ROE,0,0.0,0.0,0.0,0.0,0.0,0.0
799,HEX_storage,ROE,1,0.0,0.0,0.0,0.0,0.0,0.0
800,HEX_storage,ROE,2,0.0,0.0,0.0,0.0,0.0,0.0
801,HEX_storage,ROE,3,0.0,0.0,0.0,0.0,0.0,0.0
802,HEX_storage,ROE,4,0.0,0.0,0.0,0.0,0.0,0.0
803,HEX_storage,ROE,5,0.0,0.0,0.0,0.0,0.0,0.0
804,HEX_storage,ROE,6,0.0,0.0,0.0,0.0,0.0,0.0
805,HEX_storage,ROE,7,0.0,0.0,0.0,0.0,0.0,0.0
806,HEX_storage,ROE,8,0.0,0.0,0.0,0.0,0.0,0.0
807,HEX_storage,ROE,9,0.0,0.0,0.0,0.0,0.0,0.0
808,HEX_storage,ROE,10,0.0,0.0,0.0,0.0,0.0,0.0
809,HEX_storage,ROE,11,0.0,0.0,0.0,0.0,0.0,0.0
810,HEX_storage,ROE,12,0.0,0.0,0.0,0.0,0.0,0.0
811,HEX_storage,ROE,13,0.0,0.0,0.0,0.0,0.0,0.0
812,HEX_storage,ROW,0,0.0,0.0,0.0,0.0,0.0,0.0
813,HEX_storage,ROW,1,0.0,0.0,0.0,0.0,0.0,0.0
814,HEX_storage,ROW,2,0.0,0.0,0.0,0.0,0.0,0.0
815,HEX_storage,ROW,3,0.0,0.0,0.0,0.0,0.0,0.0
816,HEX_storage,ROW,4,0.0,0.0,0.0,0.0,0.0,0.0
817,HEX_storage,ROW,5,0.0,0.0,0.0,0.0,0.0,0.0
818,HEX_storage,ROW,6,0.0,0.0,0.0,0.0,0.0,0.0
819,HEX_storage,ROW,7,0.0,0.0,0.0,0.0,0.0,0.0
820,HEX_storage,ROW,8,0.0,0.0,0.0,0.0,0.0,0.0
821,HEX_storage,ROW,9,0.0,0.0,0.0,0.0,0.0,0.0
822,HEX_storage,ROW,10,0.0,0.0,0.0,0.0,0.0,0.0
823,HEX_storage,ROW,11,0.0,0.0,0.0,0.0,0.0,0.0
824,HEX_storage,ROW,12,0.0,0.0,0.0,0.0,0.0,0.0
825,HEX_storage,ROW,13,0.0,0.0,0.0,0.0,0.0,0.0
826,HEX_storage,USA,0,0.0,0.0,0.0,0.0,0.0,0.0
827,HEX_storage,USA,1,0.0,0.0,0.0,0.0,0.0,0.0
828,HEX_storage,USA,2,0.0,0.0,0.0,0.0,0.0,0.0
829,HEX_storage,USA,3,0.0,0.0,0.0,0.0,0.0,0.0
830,HEX_storage,USA,4,0.0,0.0,0.0,0.0,0.0,0.0
831,HEX_storage,USA,5,0.0,0.0,0.0,0.0,0.0,0.0
832,HEX_storage,USA,6,0.0,0.0,0.0,0.0,0.0,0.0
833,HEX_storage,USA,7,0.0,0.0,0.0,0.0,0.0,0.0
834,HEX_storage,USA,8,0.0,0.0,0.0,0.0,0.0,0.0
835,HEX_storage,USA,9,0.0,0.0,0.0,0.0,0.0,0.0
836,HEX_storage,USA,10,0.0,0.0,0.0,0.0,0.0,0.0
837,HEX_storage,USA,11,0.0,0.0,0.0,0.0,0.0,0.0
838,HEX_storage,USA,12,0.0,0.0,0.0,0.0,0.0,0.0
839,HEX_storage,USA,13,0.0,0.0,0.0,0.0,0.0,0.0
840,HP_storage,AUS,0,0.0,0.0,0.0,0.0,0.0,0.0
841,HP_storage,AUS,1,0.0,0.0,0.0,0.0,0.0,0.0
842,HP_storage,AUS,2,0.0,0.0,0.0,0.0,0.0,0.0
843,HP_storage,AUS,3,0.0,0.0,0.0,0.0,0.0,0.0
844,HP_storage,AUS,4,0.0,0.0,0.0,0.0,0.0,0.0
845,HP_storage,AUS,5,0.0,0.0,0.0,0.0,0.0,0.0
846,HP_storage,AUS,6,0.0,0.0,0.0,0.0,0.0,0.0
847,HP_storage,AUS,7,0.0,0.0,0.0,0.0,0.0,0.0
848,HP_storage,AUS,8,0.0,0.0,0.0,0.0,0.0,0.0
849,HP_storage,AUS,9,0.0,0.0,0.0,0.0,0.0,0.0
850,HP_storage,AUS,10,0.0,0.0,0.0,0.0,0.0,0.0
851,HP_storage,AUS,11,0.0,0.0,0.0,0.0,0.0,0.0
852,HP_storage,AUS,12,0.0,0.0,0.0,0.0,0.0,0.0
853,HP_storage,AUS,13,0.0,0.0,0.0,0.0,0.0,0.0
854,HP_storage,AUT,0,0.0,0.0,0.0,0.0,0.0,0.0
855,HP_storage,AUT,1,0.0,0.0,0.0,0.0,0.0,0.0
856,HP_storage,AUT,2,0.0,0.0,0.0,0.0,0.0,0.0
857,HP_storage,AUT,3,0.0,0.0,0.0,0.0,0.0,0.0
858,HP_storage,AUT,4,0.0,0.0,0.0,0.0,0.0,0.0
859,HP_storage,AUT,5,0.0,0.0,0.0,0.0,0.0,0.0
860,HP_storage,AUT,6,0.0,0.0,0.0,0.0,0.0,0.0
861,HP_storage,AUT,7,0.0,0.0,0.0,0.0,0.0,0.0
862,HP_storage,AUT,8,0.0,0.0,0.0,0.0,0.0,0.0
863,HP_storage,AUT,9,0.0,0.0,0.0,0.0,0.0,0.0
864,HP_storage,AUT,10,0.0,0.0,0.0,0.0,0.0,0.0
865,HP_storage,AUT,11,0.0,0.0,0.0,0.0,0.0,0.0
866,HP_storage,AUT,12,0.0,0.0,0.0,0.0,0.0,0.0
867,HP_storage,AUT,13,0.0,0.0,0.0,0.0,0.0,0.0
868,HP_storage,BRA,0,0.0,0.0,0.0,0.0,0.0,0.0
869,HP_storage,BRA,1,0.0,0.0,0.0,0.0,0.0,0.0
870,HP_storage,BRA,2,0.0,0.0,0.0,0.0,0.0,0.0
871,HP_storage,BRA,3,0.0,0.0,0.0,0.0,0.0,0.0
872,HP_storage,BRA,4,0.0,0.0,0.0,0.0,0.0,0.0
873,HP_storage,BRA,5,0.0,0.0,0.0,0.0,0.0,0.0
874,HP_storage,BRA,6,0.0,0.0,0.0,0.0,0.0,0.0
875,HP_storage,BRA,7,0.0,0.0,0.0,0.0,0.0,0.0
876,HP_storage,BRA,8,0.0,0.0,0.0,0.0,0.0,0.0
877,HP_storage,BRA,9,0.0,0.0,0.0,0.0,0.0,0.0
878,HP_storage,BRA,10,0.0,0.0,0.0,0.0,0.0,0.0
879,HP_storage,BRA,11,0.0,0.0,0.0,0.0,0.0,0.0
880,HP_storage,BRA,12,0.0,0.0,0.0,0.0,0.0,0.0
881,HP_storage,BRA,13,0.0,0.0,0.0,0.0,0.0,0.0
882,HP_storage,CHN,0,0.0,0.0,0.0,0.0,0.0,0.0
883,HP_storage,CHN,1,0.0,0.0,0.0,0.0,0.0,0.0
884,HP_storage,CHN,2,0.0,0.0,0.0,0.0,0.0,0.0
885,HP_storage,CHN,3,0.0,0.0,0.0,0.0,0.0,0.0
886,HP_storage,CHN,4,0.0,0.0,0.0,0.0,0.0,0.0
887,HP_storage,CHN,5,0.0,0.0,0.0,0.0,0.0,0.0
888,HP_storage,CHN,6,0.0,0.0,0.0,0.0,0.0,0.0
889,HP_storage,CHN,7,0.0,0.0,0.0,0.0,0.0,0.0
890,HP_storage,CHN,8,0.0,0.0,0.0,0.0,0.0,0.0
891,HP_storage,CHN,9,0.0,0.0,0.0,0.0,0.0,0.0
892,HP_storage,CHN,10,0.0,0.0,0.0,0.0,0.0,0.0
893,HP_storage,CHN,11,0.0,0.0,0.0,0.0,0.0,0.0
894,HP_storage,CHN,12,0.0,0.0,0.0,0.0,0.0,0.0
895,HP_storage,CHN,13,0.0,0.0,0.0,0.0,0.0,0.0
896,HP_storage,CZE,0,0.0,0.0,0.0,0.0,0.0,0.0
897,HP_storage,CZE,1,0.0,0.0,0.0,0.0,0.0,0.0
898,HP_storage,CZE,2,0.0,0.0,0.0,0.0,0.0,0.0
899,HP_storage,CZE,3,0.0,0.0,0.0,0.0,0.0,0.0
900,HP_storage,CZE,4,0.0,0.0,0.0,0.0,0.0,0.0
901,HP_storage,CZE,5,0.0,0.0,0.0,0.0,0.0,0.0
902,HP_storage,CZE,6,0.0,0.0,0.0,0.0,0.0,0.0
903,HP_storage,CZE,7,0.0,0.0,0.0,0.0,0.0,0.0
904,HP_storage,CZE,8,0.0,0.0,0.0,0.0,0.0,0.0
905,HP_storage,CZE,9,0.0,0.0,0.0,0.0,0.0,0.0
906,HP_storage,CZE,10,0.0,0.0,0.0,0.0,0.0,0.0
907,HP_storage,CZE,11,0.0,0.0,0.0,0.0,0.0,0.0
908,HP_storage,CZE,12,0.0,0.0,0.0,0.0,0.0,0.0
909,HP_storage,CZE,13,0.0,0.0,0.0,0.0,0.0,0.0
910,HP_storage,DEU,0,0.0,0.0,0.0,0.0,0.0,0.0
911,HP_storage,DEU,1,0.0,0.0,0.0,0.0,0.0,0.0
912,HP_storage,DEU,2,0.0,0.0,0.0,0.0,0.0,0.0
913,HP_storage,DEU,3,0.0,0.0,0.0,0.0,0.0,0.0
914,HP_storage,DEU,4,0.0,0.0,0.0,0.0,0.0,0.0
915,HP_storage,DEU,5,0.0,0.0,0.0,0.0,0.0,0.0
916,HP_storage,DEU,6,0.0,0.0,0.0,0.0,0.0,0.0
917,HP_storage,DEU,7,0.0,0.0,0.0,0.0,0.0,0.0
918,HP_storage,DEU,8,0.0,0.0,0.0,0.0,0.0,0.0
919,HP_storage,DEU,9,0.0,0.0,0.0,0.0,0.0,0.0
920,HP_storage,DEU,10,0.0,0.0,0.0,0.0,0.0,0.0
921,HP_storage,DEU,11,0.0,0.0,0.0,0.0,0.0,0.0
922,HP_storage,DEU,12,0.0,0.0,0.0,0.0,0.0,0.0
923,HP_storage,DEU,13,0.0,0.0,0.0,0.0,0.0,0.0
924,HP_storage,ITA,0,0.0,0.0,0.0,0.0,0.0,0.0
925,HP_storage,ITA,1,0.0,0.0,0.0,0.0,0.0,0.0
926,HP_storage,ITA,2,0.0,0.0,0.0,0.0,0.0,0.0
927,HP_storage,ITA,3,0.0,0.0,0.0,0.0,0.0,0.0
928,HP_storage,ITA,4,0.0,0.0,0.0,0.0,0.0,0.0
929,HP_storage,ITA,5,0.0,0.0,0.0,0.0,0.0,0.0
930,HP_storage,ITA,6,0.0,0.0,0.0,0.0,0.0,0.0
931,HP_storage,ITA,7,0.0,0.0,0.0,0.0,0.0,0.0
932,HP_storage,ITA,8,0.0,0.0,0.0,0.0,0.0,0.0
933,HP_storage,ITA,9,0.0,0.0,0.0,0.0,0.0,0.0
934,HP_storage,ITA,10,0.0,0.0,0.0,0.0,0.0,0.0
935,HP_storage,ITA,11,0.0,0.0,0.0,0.0,0.0,0.0
936,HP_storage,ITA,12,0.0,0.0,0.0,0.0,0.0,0.0
937,HP_storage,ITA,13,0.0,0.0,0.0,0.0,0.0,0.0
938,HP_storage,JPN,0,0.0,0.0,0.0,0.0,0.0,0.0
939,HP_storage,JPN,1,0.0,0.0,0.0,0.0,0.0,0.0
940,HP_storage,JPN,2,0.0,0.0,0.0,0.0,0.0,0.0
941,HP_storage,JPN,3,0.0,0.0,0.0,0.0,0.0,0.0
942,HP_storage,JPN,4,0.0,0.0,0.0,0.0,0.0,0.0
943,HP_storage,JPN,5,0.0,0.0,0.0,0.0,0.0,0.0
944,HP_storage,JPN,6,0.0,0.0,0.0,0.0,0.0,0.0
945,HP_storage,JPN,7,0.0,0.0,0.0,0.0,0.0,0.0
946,HP_storage,JPN,8,0.0,0.0,0.0,0.0,0.0,0.0
947,HP_storage,JPN,9,0.0,0.0,0.0,0.0,0.0,0.0
948,HP_storage,JPN,10,0.0,0.0,0.0,0.0,0.0,0.0
949,HP_storage,JPN,11,0.0,0.0,0.0,0.0,0.0,0.0
950,HP_storage,JPN,12,0.0,0.0,0.0,0.0,0.0,0.0
951,HP_storage,JPN,13,0.0,0.0,0.0,0.0,0.0,0.0
952,HP_storage,KOR,0,0.0,0.0,0.0,0.0,0.0,0.0
953,HP_storage,KOR,1,0.0,0.0,0.0,0.0,0.0,0.0
954,HP_storage,KOR,2,0.0,0.0,0.0,0.0,0.0,0.0
955,HP_storage,KOR,3,0.0,0.0,0.0,0.0,0.0,0.0
956,HP_storage,KOR,4,0.0,0.0,0.0,0.0,0.0,0.0
957,HP_storage,KOR,5,0.0,0.0,0.0,0.0,0.0,0.0
958,HP_storage,KOR,6,0.0,0.0,0.0,0.0,0.0,0.0
959,HP_storage,KOR,7,0.0,0.0,0.0,0.0,0.0,0.0
960,HP_storage,KOR,8,0.0,0.0,0.0,0.0,0.0,0.0
961,HP_storage,KOR,9,0.0,0.0,0.0,0.0,0.0,0.0
962,HP_storage,KOR,10,0.0,0.0,0.0,0.0,0.0,0.0
963,HP_storage,KOR,11,0.0,0.0,0.0,0.0,0.0,0.0
964,HP_storage,KOR,12,0.0,0.0,0.0,0.0,0.0,0.0
965,HP_storage,KOR,13,0.0,0.0,0.0,0.0,0.0,0.0
966,HP_storage,ROE,0,0.0,0.0,0.0,0.0,0.0,0.0
967,HP_storage,ROE,1,0.0,0.0,0.0,0.0,0.0,0.0
968,HP_storage,ROE,2,0.0,0.0,0.0,0.0,0.0,0.0
969,HP_storage,ROE,3,0.0,0.0,0.0,0.0,0.0,0.0
970,HP_storage,ROE,4,0.0,0.0,0.0,0.0,0.0,0.0
971,HP_storage,ROE,5,0.0,0.0,0.0,0.0,0.0,0.0
972,HP_storage,ROE,6,0.0,0.0,0.0,0.0,0.0,0.0
973,HP_storage,ROE,7,0.0,0.0,0.0,0.0,0.0,0.0
974,HP_storage,ROE,8,0.0,0.0,0.0,0.0,0.0,0.0
975,HP_storage,ROE,9,0.0,0.0,0.0,0.0,0.0,0.0
976,HP_storage,ROE,10,0.0,0.0,0.0,0.0,0.0,0.0
977,HP_storage,ROE,11,0.0,0.0,0.0,0.0,0.0,0.0
978,HP_storage,ROE,12,0.0,0.0,0.0,0.0,0.0,0.0
979,HP_storage,ROE,13,0.0,0.0,0.0,0.0,0.0,0.0
980,HP_storage,ROW,0,0.0,0.0,0.0,0.0,0.0,0.0
981,HP_storage,ROW,1,0.0,0.0,0.0,0.0,0.0,0.0
982,HP_storage,ROW,2,0.0,0.0,0.0,0.0,0.0,0.0
983,HP_storage,ROW,3,0.0,0.0,0.0,0.0,0.0,0.0
984,HP_storage,ROW,4,0.0,0.0,0.0,0.0,0.0,0.0
985,HP_storage,ROW,5,0.0,0.0,0.0,0.0,0.0,0.0
986,HP_storage,ROW,6,0.0,0.0,0.0,0.0,0.0,0.0
987,HP_storage,ROW,7,0.0,0.0,0.0,0.0,0.0,0.0
988,HP_storage,ROW,8,0.0,0.0,0.0,0.0,0.0,0.0
989,HP_storage,ROW,9,0.0,0.0,0.0,0.0,0.0,0.0
990,HP_storage,ROW,10,0.0,0.0,0.0,0.0,0.0,0.0
991,HP_storage,ROW,11,0.0,0.0,0.0,0.0,0.0,0.0
992,HP_storage,ROW,12,0.0,0.0,0.0,0.0,0.0,0.0
993,HP_storage,ROW,13,0.0,0.0,0.0,0.0,0.0,0.0
994,HP_storage,USA,0,0.0,0.0,0.0,0.0,0.0,0.0
995,HP_storage,USA,1,0.0,0.0,0.0,0.0,0.0,0.0
996,HP_storage,USA,2,0.0,0.0,0.0,0.0,0.0,0.0
997,HP_storage,USA,3,0.0,0.0,0.0,0.0,0.0,0.0
998,HP_storage,USA,4,0.0,0.0,0.0,0.0,0.0,0.0
999,HP_storage,USA,5,0.0,0.0,0.0,0.0,0.0,0.0
1000,HP_storage,USA,6,0.0,0.0,0.0,0.0,0.0,0.0
1001,HP_storage,USA,7,0.0,0.0,0.0,0.0,0.0,0.0
1002,HP_storage,USA,8,0.0,0.0,0.0,0.0,0.0,0.0
1003,HP_storage,USA,9,0.0,0.0,0.0,0.0,0.0,0.0
1004,HP_storage,USA,10,0.0,0.0,0.0,0.0,0.0,0.0
1005,HP_storage,USA,11,0.0,0.0,0.0,0.0,0.0,0.0
1006,HP_storage,USA,12,0.0,0.0,0.0,0.0,0.0,0.0
1007,HP_storage,USA,13,0.0,0.0,0.0,0.0,0.0,0.0
1008,Iron_storage,AUS,0,0.0,0.0,0.0,0.0,0.0,0.0
1009,Iron_storage,AUS,1,0.0,0.0,0.0,0.0,0.0,0.0
1010,Iron_storage,AUS,2,0.0,0.0,0.0,0.0,0.0,0.0
1011,Iron_storage,AUS,3,0.0,0.0,0.0,0.0,0.0,0.0
1012,Iron_storage,AUS,4,0.0,0.0,0.0,0.0,0.0,0.0
1013,Iron_storage,AUS,5,0.0,0.0,0.0,0.0,0.0,0.0
1014,Iron_storage,AUS,6,0.0,0.0,0.0,0.0,0.0,0.0
1015,Iron_storage,AUS,7,0.0,0.0,0.0,0.0,0.0,0.0
1016,Iron_storage,AUS,8,0.0,0.0,0.0,0.0,0.0,0.0
1017,Iron_storage,AUS,9,0.0,0.0,0.0,0.0,0.0,0.0
1018,Iron_storage,AUS,10,0.0,0.0,0.0,0.0,0.0,0.0
1019,Iron_storage,AUS,11,0.0,0.0,0.0,0.0,0.0,0.0
1020,Iron_storage,AUS,12,0.0,0.0,0.0,0.0,0.0,0.0
1021,Iron_storage,AUS,13,0.0,0.0,0.0,0.0,0.0,0.0
1022,Iron_storage,AUT,0,0.0,0.0,0.0,0.0,0.0,0.0
1023,Iron_storage,AUT,1,0.0,0.0,0.0,0.0,0.0,0.0
1024,Iron_storage,AUT,2,0.0,0.0,0.0,0.0,0.0,0.0
1025,Iron_storage,AUT,3,0.0,0.0,0.0,0.0,0.0,0.0
1026,Iron_storage,AUT,4,0.0,0.0,0.0,0.0,0.0,0.0
1027,Iron_storage,AUT,5,0.0,0.0,0.0,0.0,0.0,0.0
1028,Iron_storage,AUT,6,0.0,0.0,0.0,0.0,0.0,0.0
1029,Iron_storage,AUT,7,0.0,0.0,0.0,0.0,0.0,0.0
1030,Iron_storage,AUT,8,0.0,0.0,0.0,0.0,0.0,0.0
1031,Iron_storage,AUT,9,0.0,0.0,0.0,0.0,0.0,0.0
1032,Iron_storage,AUT,10,0.0,0.0,0.0,0.0,0.0,0.0
1033,Iron_storage,AUT,11,0.0,0.0,0.0,0.0,0.0,0.0
1034,Iron_storage,AUT,12,0.0,0.0,0.0,0.0,0.0,0.0
1035,Iron_storage,AUT,13,0.0,0.0,0.0,0.0,0.0,0.0
1036,Iron_storage,BRA,0,0.0,0.0,0.0,0.0,0.0,0.0
1037,Iron_storage,BRA,1,0.0,0.0,0.0,0.0,0.0,0.0
1038,Iron_storage,BRA,2,0.0,0.0,0.0,0.0,0.0,0.0
1039,Iron_storage,BRA,3,0.0,0.0,0.0,0.0,0.0,0.0
1040,Iron_storage,BRA,4,0.0,0.0,0.0,0.0,0.0,0.0
1041,Iron_storage,BRA,5,0.0,0.0,0.0,0.0,0.0,0.0
1042,Iron_storage,BRA,6,0.0,0.0,0.0,0.0,0.0,0.0
1043,Iron_storage,BRA,7,0.0,0.0,0.0,0.0,0.0,0.0
1044,Iron_storage,BRA,8,0.0,0.0,0.0,0.0,0.0,0.0
1045,Iron_storage,BRA,9,0.0,0.0,0.0,0.0,0.0,0.0
1046,Iron_storage,BRA,10,0.0,0.0,0.0,0.0,0.0,0.0
1047,Iron_storage,BRA,11,0.0,0.0,0.0,0.0,0.0,0.0
1048,Iron_storage,BRA,12,0.0,0.0,0.0,0.0,0.0,0.0
1049,Iron_storage,BRA,13,0.0,0.0,0.0,0.0,0.0,0.0
1050,Iron_storage,CHN,0,0.0,0.0,0.0,0.0,0.0,0.0
1051,Iron_storage,CHN,1,0.0,0.0,0.0,0.0,0.0,0.0
1052,Iron_storage,CHN,2,0.0,0.0,0.0,0.0,0.0,0.0
1053,Iron_storage,CHN,3,0.0,0.0,0.0,0.0,0.0,0.0
1054,Iron_storage,CHN,4,0.0,0.0,0.0,0.0,0.0,0.0
1055,Iron_storage,CHN,5,0.0,0.0,0.0,0.0,0.0,0.0
1056,Iron_storage,CHN,6,0.0,0.0,0.0,0.0,0.0,0.0
1057,Iron_storage,CHN,7,0.0,0.0,0.0,0.0,0.0,0.0
1058,Iron_storage,CHN,8,0.0,0.0,0.0,0.0,0.0,0.0
1059,Iron_storage,CHN,9,0.0,0.0,0.0,0.0,0.0,0.0
1060,Iron_storage,CHN,10,0.0,0.0,0.0,0.0,0.0,0.0
1061,Iron_storage,CHN,11,0.0,0.0,0.0,0.0,0.0,0.0
1062,Iron_storage,CHN,12,0.0,0.0,0.0,0.0,0.0,0.0
1063,Iron_storage,CHN,13,0.0,0.0,0.0,0.0,0.0,0.0
1064,Iron_storage,CZE,0,0.0,0.0,0.0,0.0,0.0,0.0
1065,Iron_storage,CZE,1,0.0,0.0,0.0,0.0,0.0,0.0
1066,Iron_storage,CZE,2,0.0,0.0,0.0,0.0,0.0,0.0
1067,Iron_storage,CZE,3,0.0,0.0,0.0,0.0,0.0,0.0
1068,Iron_storage,CZE,4,0.0,0.0,0.0,0.0,0.0,0.0
1069,Iron_storage,CZE,5,0.0,0.0,0.0,0.0,0.0,0.0
1070,Iron_storage,CZE,6,0.0,0.0,0.0,0.0,0.0,0.0
1071,Iron_storage,CZE,7,0.0,0.0,0.0,0.0,0.0,0.0
1072,Iron_storage,CZE,8,0.0,0.0,0.0,0.0,0.0,0.0
1073,Iron_storage,CZE,9,0.0,0.0,0.0,0.0,0.0,0.0
1074,Iron_storage,CZE,10,0.0,0.0,0.0,0.0,0.0,0.0
1075,Iron_storage,CZE,11,0.0,0.0,0.0,0.0,0.0,0.0
1076,Iron_storage,CZE,12,0.0,0.0,0.0,0.0,0.0,0.0
1077,Iron_storage,CZE,13,0.0,0.0,0.0,0.0,0.0,0.0
1078,Iron_storage,DEU,0,0.0,0.0,0.0,0.0,0.0,0.0
1079,Iron_storage,DEU,1,0.0,0.0,0.0,0.0,0.0,0.0
1080,Iron_storage,DEU,2,0.0,0.0,0.0,0.0,0.0,0.0
1081,Iron_storage,DEU,3,0.0,0.0,0.0,0.0,0.0,0.0
1082,Iron_storage,DEU,4,0.0,0.0,0.0,0.0,0.0,0.0
1083,Iron_storage,DEU,5,0.0,0.0,0.0,0.0,0.0,0.0
1084,Iron_storage,DEU,6,0.0,0.0,0.0,0.0,0.0,0.0
1085,Iron_storage,DEU,7,0.0,0.0,0.0,0.0,0.0,0.0
1086,Iron_storage,DEU,8,0.0,0.0,0.0,0.0,0.0,0.0
1087,Iron_storage,DEU,9,0.0,0.0,0.0,0.0,0.0,0.0
1088,Iron_storage,DEU,10,0.0,0.0,0.0,0.0,0.0,0.0
1089,Iron_storage,DEU,11,0.0,0.0,0.0,0.0,0.0,0.0
1090,Iron_storage,DEU,12,0.0,0.0,0.0,0.0,0.0,0.0
1091,Iron_storage,DEU,13,0.0,0.0,0.0,0.0,0.0,0.0
1092,Iron_storage,ITA,0,0.0,0.0,0.0,0.0,0.0,0.0
1093,Iron_storage,ITA,1,0.0,0.0,0.0,0.0,0.0,0.0
1094,Iron_storage,ITA,2,0.0,0.0,0.0,0.0,0.0,0.0
1095,Iron_storage,ITA,3,0.0,0.0,0.0,0.0,0.0,0.0
1096,Iron_storage,ITA,4,0.0,0.0,0.0,0.0,0.0,0.0
1097,Iron_storage,ITA,5,0.0,0.0,0.0,0.0,0.0,0.0
1098,Iron_storage,ITA,6,0.0,0.0,0.0,0.0,0.0,0.0
1099,Iron_storage,ITA,7,0.0,0.0,0.0,0.0,0.0,0.0
1100,Iron_storage,ITA,8,0.0,0.0,0.0,0.0,0.0,0.0
1101,Iron_storage,ITA,9,0.0,0.0,0.0,0.0,0.0,0.0
1102,Iron_storage,ITA,10,0.0,0.0,0.0,0.0,0.0,0.0
1103,Iron_storage,ITA,11,0.0,0.0,0.0,0.0,0.0,0.0
1104,Iron_storage,ITA,12,0.0,0.0,0.0,0.0,0.0,0.0
1105,Iron_storage,ITA,13,0.0,0.0,0.0,0.0,0.0,0.0
1106,Iron_storage,JPN,0,0.0,0.0,0.0,0.0,0.0,0.0
1107,Iron_storage,JPN,1,0.0,0.0,0.0,0.0,0.0,0.0
1108,Iron_storage,JPN,2,0.0,0.0,0.0,0.0,0.0,0.0
1109,Iron_storage,JPN,3,0.0,0.0,0.0,0.0,0.0,0.0
1110,Iron_storage,JPN,4,0.0,0.0,0.0,0.0,0.0,0.0
1111,Iron_storage,JPN,5,0.0,0.0,0.0,0.0,0.0,0.0
1112,Iron_storage,JPN,6,0.0,0.0,0.0,0.0,0.0,0.0
1113,Iron_storage,JPN,7,0.0,0.0,0.0,0.0,0.0,0.0
1114,Iron_storage,JPN,8,0.0,0.0,0.0,0.0,0.0,0.0
1115,Iron_storage,JPN,9,0.0,0.0,0.0,0.0,0.0,0.0
1116,Iron_storage,JPN,10,0.0,0.0,0.0,0.0,0.0,0.0
1117,Iron_storage,JPN,11,0.0,0.0,0.0,0.0,0.0,0.0
1118,Iron_storage,JPN,12,0.0,0.0,0.0,0.0,0.0,0.0
1119,Iron_storage,JPN,13,0.0,0.0,0.0,0.0,0.0,0.0
1120,Iron_storage,KOR,0,0.0,0.0,0.0,0.0,0.0,0.0
1121,Iron_storage,KOR,1,0.0,0.0,0.0,0.0,0.0,0.0
1122,Iron_storage,KOR,2,0.0,0.0,0.0,0.0,0.0,0.0
1123,Iron_storage,KOR,3,0.0,0.0,0.0,0.0,0.0,0.0
1124,Iron_storage,KOR,4,0.0,0.0,0.0,0.0,0.0,0.0
1125,Iron_storage,KOR,5,0.0,0.0,0.0,0.0,0.0,0.0
1126,Iron_storage,KOR,6,0.0,0.0,0.0,0.0,0.0,0.0
1127,Iron_storage,KOR,7,0.0,0.0,0.0,0.0,0.0,0.0
1128,Iron_storage,KOR,8,0.0,0.0,0.0,0.0,0.0,0.0
1129,Iron_storage,KOR,9,0.0,0.0,0.0,0.0,0.0,0.0
1130,Iron_storage,KOR,10,0.0,0.0,0.0,0.0,0.0,0.0
1131,Iron_storage,KOR,11,0.0,0.0,0.0,0.0,0.0,0.0
1132,Iron_storage,KOR,12,0.0,0.0,0.0,0.0,0.0,0.0
1133,Iron_storage,KOR,13,0.0,0.0,0.0,0.0,0.0,0.0
1134,Iron_storage,ROE,0,0.0,0.0,0.0,0.0,0.0,0.0
1135,Iron_storage,ROE,1,0.0,0.0,0.0,0.0,0.0,0.0
1136,Iron_storage,ROE,2,0.0,0.0,0.0,0.0,0.0,0.0
1137,Iron_storage,ROE,3,0.0,0.0,0.0,0.0,0.0,0.0
1138,Iron_storage,ROE,4,0.0,0.0,0.0,0.0,0.0,0.0
1139,Iron_storage,ROE,5,0.0,0.0,0.0,0.0,0.0,0.0
1140,Iron_storage,ROE,6,0.0,0.0,0.0,0.0,0.0,0.0
1141,Iron_storage,ROE,7,0.0,0.0,0.0,0.0,0.0,0.0
1142,Iron_storage,ROE,8,0.0,0.0,0.0,0.0,0.0,0.0
1143,Iron_storage,ROE,9,0.0,0.0,0.0,0.0,0.0,0.0
1144,Iron_storage,ROE,10,0.0,0.0,0.0,0.0,0.0,0.0
1145,Iron_storage,ROE,11,0.0,0.0,0.0,0.0,0.0,0.0
1146,Iron_storage,ROE,12,0.0,0.0,0.0,0.0,0.0,0.0
1147,Iron_storage,ROE,13,0.0,0.0,0.0,0.0,0.0,0.0
1148,Iron_storage,ROW,0,0.0,0.0,0.0,0.0,0.0,0.0
1149,Iron_storage,ROW,1,0.0,0.0,0.0,0.0,0.0,0.0
1150,Iron_storage,ROW,2,0.0,0.0,0.0,0.0,0.0,0.0
1151,Iron_storage,ROW,3,0.0,0.0,0.0,0.0,0.0,0.0
1152,Iron_storage,ROW,4,0.0,0.0,0.0,0.0,0.0,0.0
1153,Iron_storage,ROW,5,0.0,0.0,0.0,0.0,0.0,0.0
1154,Iron_storage,ROW,6,0.0,0.0,0.0,0.0,0.0,0.0
1155,Iron_storage,ROW,7,0.0,0.0,0.0,0.0,0.0,0.0
1156,Iron_storage,ROW,8,0.0,0.0,0.0,0.0,0.0,0.0
1157,Iron_storage,ROW,9,0.0,0.0,0.0,0.0,0.0,0.0
1158,Iron_storage,ROW,10,0.0,0.0,0.0,0.0,0.0,0.0
1159,Iron_storage,ROW,11,0.0,0.0,0.0,0.0,0.0,0.0
1160,Iron_storage,ROW,12,0.0,0.0,0.0,0.0,0.0,0.0
1161,Iron_storage,ROW,13,0.0,0.0,0.0,0.0,0.0,0.0
1162,Iron_storage,USA,0,0.0,0.0,0.0,0.0,0.0,0.0
1163,Iron_storage,USA,1,0.0,0.0,0.0,0.0,0.0,0.0
1164,Iron_storage,USA,2,0.0,0.0,0.0,0.0,0.0,0.0
1165,Iron_storage,USA,3,0.0,0.0,0.0,0.0,0.0,0.0
1166,Iron_storage,USA,4,0.0,0.0,0.0,0.0,0.0,0.0
1167,Iron_storage,USA,5,0.0,0.0,0.0,0.0,0.0,0.0
1168,Iron_storage,USA,6,0.0,0.0,0.0,0.0,0.0,0.0
1169,Iron_storage,USA,7,0.0,0.0,0.0,0.0,0.0,0.0
1170,Iron_storage,USA,8,0.0,0.0,0.0,0.0,0.0,0.0
1171,Iron_storage,USA,9,0.0,0.0,0.0,0.0,0.0,0.0
1172,Iron_storage,USA,10,0.0,0.0,0.0,0.0,0.0,0.0
1173,Iron_storage,USA,11,0.0,0.0,0.0,0.0,0.0,0.0
1174,Iron_storage,USA,12,0.0,0.0,0.0,0.0,0.0,0.0
1175,Iron_storage,USA,13,0.0,0.0,0.0,0.0,0.0,0.0
1176,Nickel_storage,AUS,0,0.0,0.0,0.0,0.0,0.0,0.0
1177,Nickel_storage,AUS,1,0.0,0.0,0.0,0.0,0.0,0.0
1178,Nickel_storage,AUS,2,0.0,0.0,0.0,0.0,0.0,0.0
1179,Nickel_storage,AUS,3,0.0,0.0,0.0,0.0,0.0,0.0
1180,Nickel_storage,AUS,4,0.0,0.0,0.0,0.0,0.0,0.0
1181,Nickel_storage,AUS,5,0.0,0.0,0.0,0.0,0.0,0.0
1182,Nickel_storage,AUS,6,0.0,0.0,0.0,0.0,0.0,0.0
1183,Nickel_storage,AUS,7,0.0,0.0,0.0,0.0,0.0,0.0
1184,Nickel_storage,AUS,8,0.0,0.0,0.0,0.0,0.0,0.0
1185,Nickel_storage,AUS,9,0.0,0.0,0.0,0.0,0.0,0.0
1186,Nickel_storage,AUS,10,0.0,0.0,0.0,0.0,0.0,0.0
1187,Nickel_storage,AUS,11,0.0,0.0,0.0,0.0,0.0,0.0
1188,Nickel_storage,AUS,12,0.0,0.0,0.0,0.0,0.0,0.0
1189,Nickel_storage,AUS,13,0.0,0.0,0.0,0.0,0.0,0.0
1190,Nickel_storage,AUT,0,0.0,0.0,0.0,0.0,0.0,0.0
1191,Nickel_storage,AUT,1,0.0,0.0,0.0,0.0,0.0,0.0
1192,Nickel_storage,AUT,2,0.0,0.0,0.0,0.0,0.0,0.0
1193,Nickel_storage,AUT,3,0.0,0.0,0.0,0.0,0.0,0.0
1194,Nickel_storage,AUT,4,0.0,0.0,0.0,0.0,0.0,0.0
1195,Nickel_storage,AUT,5,0.0,0.0,0.0,0.0,0.0,0.0
1196,Nickel_storage,AUT,6,0.0,0.0,0.0,0.0,0.0,0.0
1197,Nickel_storage,AUT,7,0.0,0.0,0.0,0.0,0.0,0.0
1198,Nickel_storage,AUT,8,0.0,0.0,0.0,0.0,0.0,0.0
1199,Nickel_storage,AUT,9,0.0,0.0,0.0,0.0,0.0,0.0
1200,Nickel_storage,AUT,10,0.0,0.0,0.0,0.0,0.0,0.0
1201,Nickel_storage,AUT,11,0.0,0.0,0.0,0.0,0.0,0.0
1202,Nickel_storage,AUT,12,0.0,0.0,0.0,0.0,0.0,0.0
1203,Nickel_storage,AUT,13,0.0,0.0,0.0,0.0,0.0,0.0
1204,Nickel_storage,BRA,0,0.0,0.0,0.0,0.0,0.0,0.0
1205,Nickel_storage,BRA,1,0.0,0.0,0.0,0.0,0.0,0.0
1206,Nickel_storage,BRA,2,0.0,0.0,0.0,0.0,0.0,0.0
1207,Nickel_storage,BRA,3,0.0,0.0,0.0,0.0,0.0,0.0
1208,Nickel_storage,BRA,4,0.0,0.0,0.0,0.0,0.0,0.0
1209,Nickel_storage,BRA,5,0.0,0.0,0.0,0.0,0.0,0.0
1210,Nickel_storage,BRA,6,0.0,0.0,0.0,0.0,0.0,0.0
1211,Nickel_storage,BRA,7,0.0,0.0,0.0,0.0,0.0,0.0
1212,Nickel_storage,BRA,8,0.0,0.0,0.0,0.0,0.0,0.0
1213,Nickel_storage,BRA,9,0.0,0.0,0.0,0.0,0.0,0.0
1214,Nickel_storage,BRA,10,0.0,0.0,0.0,0.0,0.0,0.0
1215,Nickel_storage,BRA,11,0.0,0.0,0.0,0.0,0.0,0.0
1216,Nickel_storage,BRA,12,0.0,0.0,0.0,0.0,0.0,0.0
1217,Nickel_storage,BRA,13,0.0,0.0,0.0,0.0,0.0,0.0
1218,Nickel_storage,CHN,0,0.0,0.0,0.0,0.0,0.0,0.0
1219,Nickel_storage,CHN,1,0.0,0.0,0.0,0.0,0.0,0.0
1220,Nickel_storage,CHN,2,0.0,0.0,0.0,0.0,0.0,0.0
1221,Nickel_storage,CHN,3,0.0,0.0,0.0,0.0,0.0,0.0
1222,Nickel_storage,CHN,4,0.0,0.0,0.0,0.0,0.0,0.0
1223,Nickel_storage,CHN,5,0.0,0.0,0.0,0.0,0.0,0.0
1224,Nickel_storage,CHN,6,0.0,0.0,0.0,0.0,0.0,0.0
1225,Nickel_storage,CHN,7,0.0,0.0,0.0,0.0,0.0,0.0
1226,Nickel_storage,CHN,8,0.0,0.0,0.0,0.0,0.0,0.0
1227,Nickel_storage,CHN,9,0.0,0.0,0.0,0.0,0.0,0.0
1228,Nickel_storage,CHN,10,0.0,0.0,0.0,0.0,0.0,0.0
1229,Nickel_storage,CHN,11,0.0,0.0,0.0,0.0,0.0,0.0
1230,Nickel_storage,CHN,12,0.0,0.0,0.0,0.0,0.0,0.0
1231,Nickel_storage,CHN,13,0.0,0.0,0.0,0.0,0.0,0.0
1232,Nickel_storage,CZE,0,0.0,0.0,0.0,0.0,0.0,0.0
1233,Nickel_storage,CZE,1,0.0,0.0,0.0,0.0,0.0,0.0
1234,Nickel_storage,CZE,2,0.0,0.0,0.0,0.0,0.0,0.0
1235,Nickel_storage,CZE,3,0.0,0.0,0.0,0.0,0.0,0.0
1236,Nickel_storage,CZE,4,0.0,0.0,0.0,0.0,0.0,0.0
1237,Nickel_storage,CZE,5,0.0,0.0,0.0,0.0,0.0,0.0
1238,Nickel_storage,CZE,6,0.0,0.0,0.0,0.0,0.0,0.0
1239,Nickel_storage,CZE,7,0.0,0.0,0.0,0.0,0.0,0.0
1240,Nickel_storage,CZE,8,0.0,0.0,0.0,0.0,0.0,0.0
1241,Nickel_storage,CZE,9,0.0,0.0,0.0,0.0,0.0,0.0
1242,Nickel_storage,CZE,10,0.0,0.0,0.0,0.0,0.0,0.0
1243,Nickel_storage,CZE,11,0.0,0.0,0.0,0.0,0.0,0.0
1244,Nickel_storage,CZE,12,0.0,0.0,0.0,0.0,0.0,0.0
1245,Nickel_storage,CZE,13,0.0,0.0,0.0,0.0,0.0,0.0
1246,Nickel_storage,DEU,0,0.0,0.0,0.0,0.0,0.0,0.0
1247,Nickel_storage,DEU,1,0.0,0.0,0.0,0.0,0.0,0.0
1248,Nickel_storage,DEU,2,0.0,0.0,0.0,0.0,0.0,0.0
1249,Nickel_storage,DEU,3,0.0,0.0,0.0,0.0,0.0,0.0
1250,Nickel_storage,DEU,4,0.0,0.0,0.0,0.0,0.0,0.0
1251,Nickel_storage,DEU,5,0.0,0.0,0.0,0.0,0.0,0.0
1252,Nickel_storage,DEU,6,0.0,0.0,0.0,0.0,0.0,0.0
1253,Nickel_storage,DEU,7,0.0,0.0,0.0,0.0,0.0,0.0
1254,Nickel_storage,DEU,8,0.0,0.0,0.0,0.0,0.0,0.0
1255,Nickel_storage,DEU,9,0.0,0.0,0.0,0.0,0.0,0.0
1256,Nickel_storage,DEU,10,0.0,0.0,0.0,0.0,0.0,0.0
1257,Nickel_storage,DEU,11,0.0,0.0,0.0,0.0,0.0,0.0
1258,Nickel_storage,DEU,12,0.0,0.0,0.0,0.0,0.0,0.0
1259,Nickel_storage,DEU,13,0.0,0.0,0.0,0.0,0.0,0.0
1260,Nickel_storage,ITA,0,0.0,0.0,0.0,0.0,0.0,0.0
1261,Nickel_storage,ITA,1,0.0,0.0,0.0,0.0,0.0,0.0
1262,Nickel_storage,ITA,2,0.0,0.0,0.0,0.0,0.0,0.0
1263,Nickel_storage,ITA,3,0.0,0.0,0.0,0.0,0.0,0.0
1264,Nickel_storage,ITA,4,0.0,0.0,0.0,0.0,0.0,0.0
1265,Nickel_storage,ITA,5,0.0,0.0,0.0,0.0,0.0,0.0
1266,Nickel_storage,ITA,6,0.0,0.0,0.0,0.0,0.0,0.0
1267,Nickel_storage,ITA,7,0.0,0.0,0.0,0.0,0.0,0.0
1268,Nickel_storage,ITA,8,0.0,0.0,0.0,0.0,0.0,0.0
1269,Nickel_storage,ITA,9,0.0,0.0,0.0,0.0,0.0,0.0
1270,Nickel_storage,ITA,10,0.0,0.0,0.0,0.0,0.0,0.0
1271,Nickel_storage,ITA,11,0.0,0.0,0.0,0.0,0.0,0.0
1272,Nickel_storage,ITA,12,0.0,0.0,0.0,0.0,0.0,0.0
1273,Nickel_storage,ITA,13,0.0,0.0,0.0,0.0,0.0,0.0
1274,Nickel_storage,JPN,0,0.0,0.0,0.0,0.0,0.0,0.0
1275,Nickel_storage,JPN,1,0.0,0.0,0.0,0.0,0.0,0.0
1276,Nickel_storage,JPN,2,0.0,0.0,0.0,0.0,0.0,0.0
1277,Nickel_storage,JPN,3,0.0,0.0,0.0,0.0,0.0,0.0
1278,Nickel_storage,JPN,4,0.0,0.0,0.0,0.0,0.0,0.0
1279,Nickel_storage,JPN,5,0.0,0.0,0.0,0.0,0.0,0.0
1280,Nickel_storage,JPN,6,0.0,0.0,0.0,0.0,0.0,0.0
1281,Nickel_storage,JPN,7,0.0,0.0,0.0,0.0,0.0,0.0
1282,Nickel_storage,JPN,8,0.0,0.0,0.0,0.0,0.0,0.0
1283,Nickel_storage,JPN,9,0.0,0.0,0.0,0.0,0.0,0.0
1284,Nickel_storage,JPN,10,0.0,0.0,0.0,0.0,0.0,0.0
1285,Nickel_storage,JPN,11,0.0,0.0,0.0,0.0,0.0,0.0
1286,Nickel_storage,JPN,12,0.0,0.0,0.0,0.0,0.0,0.0
1287,Nickel_storage,JPN,13,0.0,0.0,0.0,0.0,0.0,0.0
1288,Nickel_storage,KOR,0,0.0,0.0,0.0,0.0,0.0,0.0
1289,Nickel_storage,KOR,1,0.0,0.0,0.0,0.0,0.0,0.0
1290,Nickel_storage,KOR,2,0.0,0.0,0.0,0.0,0.0,0.0
1291,Nickel_storage,KOR,3,0.0,0.0,0.0,0.0,0.0,0.0
1292,Nickel_storage,KOR,4,0.0,0.0,0.0,0.0,0.0,0.0
1293,Nickel_storage,KOR,5,0.0,0.0,0.0,0.0,0.0,0.0
1294,Nickel_storage,KOR,6,0.0,0.0,0.0,0.0,0.0,0.0
1295,Nickel_storage,KOR,7,0.0,0.0,0.0,0.0,0.0,0.0
1296,Nickel_storage,KOR,8,0.0,0.0,0.0,0.0,0.0,0.0
1297,Nickel_storage,KOR,9,0.0,0.0,0.0,0.0,0.0,0.0
1298,Nickel_storage,KOR,10,0.0,0.0,0.0,0.0,0.0,0.0
1299,Nickel_storage,KOR,11,0.0,0.0,0.0,0.0,0.0,0.0
1300,Nickel_storage,KOR,12,0.0,0.0,0.0,0.0,0.0,0.0
1301,Nickel_storage,KOR,13,0.0,0.0,0.0,0.0,0.0,0.0
1302,Nickel_storage,ROE,0,0.0,0.0,0.0,0.0,0.0,0.0
1303,Nickel_storage,ROE,1,0.0,0.0,0.0,0.0,0.0,0.0
1304,Nickel_storage,ROE,2,0.0,0.0,0.0,0.0,0.0,0.0
1305,Nickel_storage,ROE,3,0.0,0.0,0.0,0.0,0.0,0.0
1306,Nickel_storage,ROE,4,0.0,0.0,0.0,0.0,0.0,0.0
1307,Nickel_storage,ROE,5,0.0,0.0,0.0,0.0,0.0,0.0
1308,Nickel_storage,ROE,6,0.0,0.0,0.0,0.0,0.0,0.0
1309,Nickel_storage,ROE,7,0.0,0.0,0.0,0.0,0.0,0.0
1310,Nickel_storage,ROE,8,0.0,0.0,0.0,0.0,0.0,0.0
1311,Nickel_storage,ROE,9,0.0,0.0,0.0,0.0,0.0,0.0
1312,Nickel_storage,ROE,10,0.0,0.0,0.0,0.0,0.0,0.0
1313,Nickel_storage,ROE,11,0.0,0.0,0.0,0.0,0.0,0.0
1314,Nickel_storage,ROE,12,0.0,0.0,0.0,0.0,0.0,0.0
1315,Nickel_storage,ROE,13,0.0,0.0,0.0,0.0,0.0,0.0
1316,Nickel_storage,ROW,0,0.0,0.0,0.0,0.0,0.0,0.0
1317,Nickel_storage,ROW,1,0.0,0.0,0.0,0.0,0.0,0.0
1318,Nickel_storage,ROW,2,0.0,0.0,0.0,0.0,0.0,0.0
1319,Nickel_storage,ROW,3,0.0,0.0,0.0,0.0,0.0,0.0
1320,Nickel_storage,ROW,4,0.0,0.0,0.0,0.0,0.0,0.0
1321,Nickel_storage,ROW,5,0.0,0.0,0.0,0.0,0.0,0.0
1322,Nickel_storage,ROW,6,0.0,0.0,0.0,0.0,0.0,0.0
1323,Nickel_storage,ROW,7,0.0,0.0,0.0,0.0,0.0,0.0
1324,Nickel_storage,ROW,8,0.0,0.0,0.0,0.0,0.0,0.0
1325,Nickel_storage,ROW,9,0.0,0.0,0.0,0.0,0.0,0.0
1326,Nickel_storage,ROW,10,0.0,0.0,0.0,0.0,0.0,0.0
1327,Nickel_storage,ROW,11,0.0,0.0,0.0,0.0,0.0,0.0
1328,Nickel_storage,ROW,12,0.0,0.0,0.0,0.0,0.0,0.0
1329,Nickel_storage,ROW,13,0.0,0.0,0.0,0.0,0.0,0.0
1330,Nickel_storage,USA,0,0.0,0.0,0.0,0.0,0.0,0.0
1331,Nickel_storage,USA,1,0.0,0.0,0.0,0.0,0.0,0.0
1332,Nickel_storage,USA,2,0.0,0.0,0.0,0.0,0.0,0.0
1333,Nickel_storage,USA,3,0.0,0.0,0.0,0.0,0.0,0.0
1334,Nickel_storage,USA,4,0.0,0.0,0.0,0.0,0.0,0.0
1335,Nickel_storage,USA,5,0.0,0.0,0.0,0.0,0.0,0.0
1336,Nickel_storage,USA,6,0.0,0.0,0.0,0.0,0.0,0.0
1337,Nickel_storage,USA,7,0.0,0.0,0.0,0.0,0.0,0.0
1338,Nickel_storage,USA,8,0.0,0.0,0.0,0.0,0.0,0.0
1339,Nickel_storage,USA,9,0.0,0.0,0.0,0.0,0.0,0.0
1340,Nickel_storage,USA,10,0.0,0.0,0.0,0.0,0.0,0.0
1341,Nickel_storage,USA,11,0.0,0.0,0.0,0.0,0.0,0.0
1342,Nickel_storage,USA,12,0.0,0.0,0.0,0.0,0.0,0.0
1343,Nickel_storage,USA,13,0.0,0.0,0.0,0.0,0.0,0.0
1344,Steel_storage,AUS,0,0.0,0.0,0.0,0.0,0.0,0.0
1345,Steel_storage,AUS,1,0.0,0.0,0.0,0.0,0.0,0.0
1346,Steel_storage,AUS,2,0.0,0.0,0.0,0.0,0.0,0.0
1347,Steel_storage,AUS,3,0.0,0.0,0.0,0.0,0.0,0.0
1348,Steel_storage,AUS,4,0.0,0.0,0.0,0.0,0.0,0.0
1349,Steel_storage,AUS,5,0.0,0.0,0.0,0.0,0.0,0.0
1350,Steel_storage,AUS,6,0.0,0.0,0.0,0.0,0.0,0.0
1351,Steel_storage,AUS,7,0.0,0.0,0.0,0.0,0.0,0.0
1352,Steel_storage,AUS,8,0.0,0.0,0.0,0.0,0.0,0.0
1353,Steel_storage,AUS,9,0.0,0.0,0.0,0.0,0.0,0.0
1354,Steel_storage,AUS,10,0.0,0.0,0.0,0.0,0.0,0.0
1355,Steel_storage,AUS,11,0.0,0.0,0.0,0.0,0.0,0.0
1356,Steel_storage,AUS,12,0.0,0.0,0.0,0.0,0.0,0.0
1357,Steel_storage,AUS,13,0.0,0.0,0.0,0.0,0.0,0.0
1358,Steel_storage,AUT,0,0.0,0.0,0.0,0.0,0.0,0.0
1359,Steel_storage,AUT,1,0.0,0.0,0.0,0.0,0.0,0.0
1360,Steel_storage,AUT,2,0.0,0.0,0.0,0.0,0.0,0.0
1361,Steel_storage,AUT,3,0.0,0.0,0.0,0.0,0.0,0.0
1362,Steel_storage,AUT,4,0.0,0.0,0.0,0.0,0.0,0.0
1363,Steel_storage,AUT,5,0.0,0.0,0.0,0.0,0.0,0.0
1364,Steel_storage,AUT,6,0.0,0.0,0.0,0.0,0.0,0.0
1365,Steel_storage,AUT,7,0.0,0.0,0.0,0.0,0.0,0.0
1366,Steel_storage,AUT,8,0.0,0.0,0.0,0.0,0.0,0.0
1367,Steel_storage,AUT,9,0.0,0.0,0.0,0.0,0.0,0.0
1368,Steel_storage,AUT,10,0.0,0.0,0.0,0.0,0.0,0.0
1369,Steel_storage,AUT,11,0.0,0.0,0.0,0.0,0.0,0.0
1370,Steel_storage,AUT,12,0.0,0.0,0.0,0.0,0.0,0.0
1371,Steel_storage,AUT,13,0.0,0.0,0.0,0.0,0.0,0.0
1372,Steel_storage,BRA,0,0.0,0.0,0.0,0.0,0.0,0.0
1373,Steel_storage,BRA,1,0.0,0.0,0.0,0.0,0.0,0.0
1374,Steel_storage,BRA,2,0.0,0.0,0.0,0.0,0.0,0.0
1375,Steel_storage,BRA,3,0.0,0.0,0.0,0.0,0.0,0.0
1376,Steel_storage,BRA,4,0.0,0.0,0.0,0.0,0.0,0.0
1377,Steel_storage,BRA,5,0.0,0.0,0.0,0.0,0.0,0.0
1378,Steel_storage,BRA,6,0.0,0.0,0.0,0.0,0.0,0.0
1379,Steel_storage,BRA,7,0.0,0.0,0.0,0.0,0.0,0.0
1380,Steel_storage,BRA,8,0.0,0.0,0.0,0.0,0.0,0.0
1381,Steel_storage,BRA,9,0.0,0.0,0.0,0.0,0.0,0.0
1382,Steel_storage,BRA,10,0.0,0.0,0.0,0.0,0.0,0.0
1383,Steel_storage,BRA,11,0.0,0.0,0.0,0.0,0.0,0.0
1384,Steel_storage,BRA,12,0.0,0.0,0.0,0.0,0.0,0.0
1385,Steel_storage,BRA,13,0.0,0.0,0.0,0.0,0.0,0.0
1386,Steel_storage,CHN,0,0.0,0.0,0.0,0.0,0.0,0.0
1387,Steel_storage,CHN,1,0.0,0.0,0.0,0.0,0.0,0.0
1388,Steel_storage,CHN,2,0.0,0.0,0.0,0.0,0.0,0.0
1389,Steel_storage,CHN,3,0.0,0.0,0.0,0.0,0.0,0.0
1390,Steel_storage,CHN,4,0.0,0.0,0.0,0.0,0.0,0.0
1391,Steel_storage,CHN,5,0.0,0.0,0.0,0.0,0.0,0.0
1392,Steel_storage,CHN,6,0.0,0.0,0.0,0.0,0.0,0.0
1393,Steel_storage,CHN,7,0.0,0.0,0.0,0.0,0.0,0.0
1394,Steel_storage,CHN,8,0.0,0.0,0.0,0.0,0.0,0.0
1395,Steel_storage,CHN,9,0.0,0.0,0.0,0.0,0.0,0.0
1396,Steel_storage,CHN,10,0.0,0.0,0.0,0.0,0.0,0.0
1397,Steel_storage,CHN,11,0.0,0.0,0.0,0.0,0.0,0.0
1398,Steel_storage,CHN,12,0.0,0.0,0.0,0.0,0.0,0.0
1399,Steel_storage,CHN,13,0.0,0.0,0.0,0.0,0.0,0.0
1400,Steel_storage,CZE,0,0.0,0.0,0.0,0.0,0.0,0.0
1401,Steel_storage,CZE,1,0.0,0.0,0.0,0.0,0.0,0.0
1402,Steel_storage,CZE,2,0.0,0.0,0.0,0.0,0.0,0.0
1403,Steel_storage,CZE,3,0.0,0.0,0.0,0.0,0.0,0.0
1404,Steel_storage,CZE,4,0.0,0.0,0.0,0.0,0.0,0.0
1405,Steel_storage,CZE,5,0.0,0.0,0.0,0.0,0.0,0.0
1406,Steel_storage,CZE,6,0.0,0.0,0.0,0.0,0.0,0.0
1407,Steel_storage,CZE,7,0.0,0.0,0.0,0.0,0.0,0.0
1408,Steel_storage,CZE,8,0.0,0.0,0.0,0.0,0.0,0.0
1409,Steel_storage,CZE,9,0.0,0.0,0.0,0.0,0.0,0.0
1410,Steel_storage,CZE,10,0.0,0.0,0.0,0.0,0.0,0.0
1411,Steel_storage,CZE,11,0.0,0.0,0.0,0.0,0.0,0.0
1412,Steel_storage,CZE,12,0.0,0.0,0.0,0.0,0.0,0.0
1413,Steel_storage,CZE,13,0.0,0.0,0.0,0.0,0.0,0.0
1414,Steel_storage,DEU,0,0.0,0.0,0.0,0.0,0.0,0.0
1415,Steel_storage,DEU,1,0.0,0.0,0.0,0.0,0.0,0.0
1416,Steel_storage,DEU,2,0.0,0.0,0.0,0.0,0.0,0.0
1417,Steel_storage,DEU,3,0.0,0.0,0.0,0.0,0.0,0.0
1418,Steel_storage,DEU,4,0.0,0.0,0.0,0.0,0.0,0.0
1419,Steel_storage,DEU,5,0.0,0.0,0.0,0.0,0.0,0.0
1420,Steel_storage,DEU,6,0.0,0.0,0.0,0.0,0.0,0.0
1421,Steel_storage,DEU,7,0.0,0.0,0.0,0.0,0.0,0.0
1422,Steel_storage,DEU,8,0.0,0.0,0.0,0.0,0.0,0.0
1423,Steel_storage,DEU,9,0.0,0.0,0.0,0.0,0.0,0.0
1424,Steel_storage,DEU,10,0.0,0.0,0.0,0.0,0.0,0.0
1425,Steel_storage,DEU,11,0.0,0.0,0.0,0.0,0.0,0.0
1426,Steel_storage,DEU,12,0.0,0.0,0.0,0.0,0.0,0.0
1427,Steel_storage,DEU,13,0.0,0.0,0.0,0.0,0.0,0.0
1428,Steel_storage,ITA,0,0.0,0.0,0.0,0.0,0.0,0.0
1429,Steel_storage,ITA,1,0.0,0.0,0.0,0.0,0.0,0.0
1430,Steel_storage,ITA,2,0.0,0.0,0.0,0.0,0.0,0.0
1431,Steel_storage,ITA,3,0.0,0.0,0.0,0.0,0.0,0.0
1432,Steel_storage,ITA,4,0.0,0.0,0.0,0.0,0.0,0.0
1433,Steel_storage,ITA,5,0.0,0.0,0.0,0.0,0.0,0.0
1434,Steel_storage,ITA,6,0.0,0.0,0.0,0.0,0.0,0.0
1435,Steel_storage,ITA,7,0.0,0.0,0.0,0.0,0.0,0.0
1436,Steel_storage,ITA,8,0.0,0.0,0.0,0.0,0.0,0.0
1437,Steel_storage,ITA,9,0.0,0.0,0.0,0.0,0.0,0.0
1438,Steel_storage,ITA,10,0.0,0.0,0.0,0.0,0.0,0.0
1439,Steel_storage,ITA,11,0.0,0.0,0.0,0.0,0.0,0.0
1440,Steel_storage,ITA,12,0.0,0.0,0.0,0.0,0.0,0.0
1441,Steel_storage,ITA,13,0.0,0.0,0.0,0.0,0.0,0.0
1442,Steel_storage,JPN,0,0.0,0.0,0.0,0.0,0.0,0.0
1443,Steel_storage,JPN,1,0.0,0.0,0.0,0.0,0.0,0.0
1444,Steel_storage,JPN,2,0.0,0.0,0.0,0.0,0.0,0.0
1445,Steel_storage,JPN,3,0.0,0.0,0.0,0.0,0.0,0.0
1446,Steel_storage,JPN,4,0.0,0.0,0.0,0.0,0.0,0.0
1447,Steel_storage,JPN,5,0.0,0.0,0.0,0.0,0.0,0.0
1448,Steel_storage,JPN,6,0.0,0.0,0.0,0.0,0.0,0.0
1449,Steel_storage,JPN,7,0.0,0.0,0.0,0.0,0.0,0.0
1450,Steel_storage,JPN,8,0.0,0.0,0.0,0.0,0.0,0.0
1451,Steel_storage,JPN,9,0.0,0.0,0.0,0.0,0.0,0.0
1452,Steel_storage,JPN,10,0.0,0.0,0.0,0.0,0.0,0.0
1453,Steel_storage,JPN,11,0.0,0.0,0.0,0.0,0.0,0.0
1454,Steel_storage,JPN,12,0.0,0.0,0.0,0.0,0.0,0.0
1455,Steel_storage,JPN,13,0.0,0.0,0.0,0.0,0.0,0.0
1456,Steel_storage,KOR,0,0.0,0.0,0.0,0.0,0.0,0.0
1457,Steel_storage,KOR,1,0.0,0.0,0.0,0.0,0.0,0.0
1458,Steel_storage,KOR,2,0.0,0.0,0.0,0.0,0.0,0.0
1459,Steel_storage,KOR,3,0.0,0.0,0.0,0.0,0.0,0.0
1460,Steel_storage,KOR,4,0.0,0.0,0.0,0.0,0.0,0.0
1461,Steel_storage,KOR,5,0.0,0.0,0.0,0.0,0.0,0.0
1462,Steel_storage,KOR,6,0.0,0.0,0.0,0.0,0.0,0.0
1463,Steel_storage,KOR,7,0.0,0.0,0.0,0.0,0.0,0.0
1464,Steel_storage,KOR,8,0.0,0.0,0.0,0.0,0.0,0.0
1465,Steel_storage,KOR,9,0.0,0.0,0.0,0.0,0.0,0.0
1466,Steel_storage,KOR,10,0.0,0.0,0.0,0.0,0.0,0.0
1467,Steel_storage,KOR,11,0.0,0.0,0.0,0.0,0.0,0.0
1468,Steel_storage,KOR,12,0.0,0.0,0.0,0.0,0.0,0.0
1469,Steel_storage,KOR,13,0.0,0.0,0.0,0.0,0.0,0.0
1470,Steel_storage,ROE,0,0.0,0.0,0.0,0.0,0.0,0.0
1471,Steel_storage,ROE,1,0.0,0.0,0.0,0.0,0.0,0.0
1472,Steel_storage,ROE,2,0.0,0.0,0.0,0.0,0.0,0.0
1473,Steel_storage,ROE,3,0.0,0.0,0.0,0.0,0.0,0.0
1474,Steel_storage,ROE,4,0.0,0.0,0.0,0.0,0.0,0.0
1475,Steel_storage,ROE,5,0.0,0.0,0.0,0.0,0.0,0.0
1476,Steel_storage,ROE,6,0.0,0.0,0.0,0.0,0.0,0.0
1477,Steel_storage,ROE,7,0.0,0.0,0.0,0.0,0.0,0.0
1478,Steel_storage,ROE,8,0.0,0.0,0.0,0.0,0.0,0.0
1479,Steel_storage,ROE,9,0.0,0.0,0.0,0.0,0.0,0.0
1480,Steel_storage,ROE,10,0.0,0.0,0.0,0.0,0.0,0.0
1481,Steel_storage,ROE,11,0.0,0.0,0.0,0.0,0.0,0.0
1482,Steel_storage,ROE,12,0.0,0.0,0.0,0.0,0.0,0.0
1483,Steel_storage,ROE,13,0.0,0.0,0.0,0.0,0.0,0.0
1484,Steel_storage,ROW,0,0.0,0.0,0.0,0.0,0.0,0.0
1485,Steel_storage,ROW,1,0.0,0.0,0.0,0.0,0.0,0.0
1486,Steel_storage,ROW,2,0.0,0.0,0.0,0.0,0.0,0.0
1487,Steel_storage,ROW,3,0.0,0.0,0.0,0.0,0.0,0.0
1488,Steel_storage,ROW,4,0.0,0.0,0.0,0.0,0.0,0.0
1489,Steel_storage,ROW,5,0.0,0.0,0.0,0.0,0.0,0.0
1490,Steel_storage,ROW,6,0.0,0.0,0.0,0.0,0.0,0.0
1491,Steel_storage,ROW,7,0.0,0.0,0.0,0.0,0.0,0.0
1492,Steel_storage,ROW,8,0.0,0.0,0.0,0.0,0.0,0.0
1493,Steel_storage,ROW,9,0.0,0.0,0.0,0.0,0.0,0.0
1494,Steel_storage,ROW,10,0.0,0.0,0.0,0.0,0.0,0.0
1495,Steel_storage,ROW,11,0.0,0.0,0.0,0.0,0.0,0.0
1496,Steel_storage,ROW,12,0.0,0.0,0.0,0.0,0.0,0.0
1497,Steel_storage,ROW,13,0.0,0.0,0.0,0.0,0.0,0.0
1498,Steel_storage,USA,0,0.0,0.0,0.0,0.0,0.0,0.0
1499,Steel_storage,USA,1,0.0,0.0,0.0,0.0,0.0,0.0
1500,Steel_storage,USA,2,0.0,0.0,0.0,0.0,0.0,0.0
1501,Steel_storage,USA,3,0.0,0.0,0.0,0.0,0.0,0.0
1502,Steel_storage,USA,4,0.0,0.0,0.0,0.0,0.0,0.0
1503,Steel_storage,USA,5,0.0,0.0,0.0,0.0,0.0,0.0
1504,Steel_storage,USA,6,0.0,0.0,0.0,0.0,0.0,0.0
1505,Steel_storage,USA,7,0.0,0.0,0.0,0.0,0.0,0.0
1506,Steel_storage,USA,8,0.0,0.0,0.0,0.0,0.0,0.0
1507,Steel_storage,USA,9,0.0,0.0,0.0,0.0,0.0,0.0
1508,Steel_storage,USA,10,0.0,0.0,0.0,0.0,0.0,0.0
1509,Steel_storage,USA,11,0.0,0.0,0.0,0.0,0.0,0.0
1510,Steel_storage,USA,12,0.0,0.0,0.0,0.0,0.0,0.0
1511,Steel_storage,USA,13,0.0,0.0,0.0,0.0,0.0,0.0
