,technology,location,value_scenario_,value_scenario_DemandMet,value_scenario_FastDiffusion,value_scenario_Recycling,value_scenario_SelfSuff40,value_scenario_Tariffs
0,Aluminium_production,AUS,11.5,11.5,11.5,11.5,11.5,11.5
1,Aluminium_production,AUT,5.6,5.6,5.6,5.6,5.6,5.6
2,Aluminium_production,BRA,5.5,5.5,5.5,5.5,5.5,5.5
3,Aluminium_production,CHN,12.75,12.75,12.75,12.75,12.75,12.75
4,Aluminium_production,CZE,5.6,5.6,5.6,5.6,5.6,5.6
5,Aluminium_production,DEU,5.6,5.6,5.6,5.6,5.6,5.6
6,Aluminium_production,ITA,5.6,5.6,5.6,5.6,5.6,5.6
7,Aluminium_production,JPN,12.6,12.6,12.6,12.6,12.6,12.6
8,Aluminium_production,KOR,11.4,11.4,11.4,11.4,11.4,11.4
9,Aluminium_production,ROE,5.6,5.6,5.6,5.6,5.6,5.6
10,Aluminium_production,ROW,12.6,12.6,12.6,12.6,12.6,12.6
11,Aluminium_production,USA,9.5,9.5,9.5,9.5,9.5,9.5
12,Bauxite_mining,AUS,0.1,0.1,0.1,0.1,0.1,0.1
13,Bauxite_mining,AUT,0.1,0.1,0.1,0.1,0.1,0.1
14,Bauxite_mining,BRA,0.1,0.1,0.1,0.1,0.1,0.1
15,Bauxite_mining,CHN,0.1,0.1,0.1,0.1,0.1,0.1
16,Bauxite_mining,CZE,0.1,0.1,0.1,0.1,0.1,0.1
17,Bauxite_mining,DEU,0.1,0.1,0.1,0.1,0.1,0.1
18,Bauxite_mining,ITA,0.1,0.1,0.1,0.1,0.1,0.1
19,Bauxite_mining,JPN,0.1,0.1,0.1,0.1,0.1,0.1
20,Bauxite_mining,KOR,0.1,0.1,0.1,0.1,0.1,0.1
21,Bauxite_mining,ROE,0.1,0.1,0.1,0.1,0.1,0.1
22,Bauxite_mining,ROW,0.1,0.1,0.1,0.1,0.1,0.1
23,Bauxite_mining,USA,0.1,0.1,0.1,0.1,0.1,0.1
24,Compressor_manufacturing,AUS,0.0,0.0,0.0,0.0,0.0,0.0
25,Compressor_manufacturing,AUT,0.0,0.0,0.0,0.0,0.0,0.0
26,Compressor_manufacturing,BRA,0.0,0.0,0.0,0.0,0.0,0.0
27,Compressor_manufacturing,CHN,0.0,0.0,0.0,0.0,0.0,0.0
28,Compressor_manufacturing,CZE,0.0,0.0,0.0,0.0,0.0,0.0
29,Compressor_manufacturing,DEU,0.0,0.0,0.0,0.0,0.0,0.0
30,Compressor_manufacturing,ITA,0.0,0.0,0.0,0.0,0.0,0.0
31,Compressor_manufacturing,JPN,0.0,0.0,0.0,0.0,0.0,0.0
32,Compressor_manufacturing,KOR,0.0,0.0,0.0,0.0,0.0,0.0
33,Compressor_manufacturing,ROE,0.0,0.0,0.0,0.0,0.0,0.0
34,Compressor_manufacturing,ROW,0.0,0.0,0.0,0.0,0.0,0.0
35,Compressor_manufacturing,USA,0.0,0.0,0.0,0.0,0.0,0.0
36,Copper_mining,AUS,1.34,1.34,1.34,1.34,1.34,1.34
37,Copper_mining,AUT,1.2,1.2,1.2,1.2,1.2,1.2
38,Copper_mining,BRA,1.2,1.2,1.2,1.2,1.2,1.2
39,Copper_mining,CHN,2.12,2.12,2.12,2.12,2.12,2.12
40,Copper_mining,CZE,1.2,1.2,1.2,1.2,1.2,1.2
41,Copper_mining,DEU,1.2,1.2,1.2,1.2,1.2,1.2
42,Copper_mining,ITA,1.2,1.2,1.2,1.2,1.2,1.2
43,Copper_mining,JPN,2.5,2.5,2.5,2.5,2.5,2.5
44,Copper_mining,KOR,1.2,1.2,1.2,1.2,1.2,1.2
45,Copper_mining,ROE,1.2,1.2,1.2,1.2,1.2,1.2
46,Copper_mining,ROW,1.2,1.2,1.2,1.2,1.2,1.2
47,Copper_mining,USA,1.2,1.2,1.2,1.2,1.2,1.2
48,Copper_recycling,AUS,1.2,1.2,1.2,1.2,1.2,1.2
49,Copper_recycling,AUT,1.2,1.2,1.2,1.2,1.2,1.2
50,Copper_recycling,BRA,1.2,1.2,1.2,1.2,1.2,1.2
51,Copper_recycling,CHN,1.2,1.2,1.2,1.2,1.2,1.2
52,Copper_recycling,CZE,1.2,1.2,1.2,1.2,1.2,1.2
53,Copper_recycling,DEU,1.2,1.2,1.2,1.2,1.2,1.2
54,Copper_recycling,ITA,1.2,1.2,1.2,1.2,1.2,1.2
55,Copper_recycling,JPN,1.2,1.2,1.2,1.2,1.2,1.2
56,Copper_recycling,KOR,1.2,1.2,1.2,1.2,1.2,1.2
57,Copper_recycling,ROE,1.2,1.2,1.2,1.2,1.2,1.2
58,Copper_recycling,ROW,1.2,1.2,1.2,1.2,1.2,1.2
59,Copper_recycling,USA,1.2,1.2,1.2,1.2,1.2,1.2
60,Copper_refinement,AUS,3.44,3.44,3.44,3.44,3.44,3.44
61,Copper_refinement,AUT,2.77,2.77,2.77,2.77,2.77,2.77
62,Copper_refinement,BRA,3.44,3.44,3.44,3.44,3.44,3.44
63,Copper_refinement,CHN,1.98,1.98,1.98,1.98,1.98,1.98
64,Copper_refinement,CZE,2.77,2.77,2.77,2.77,2.77,2.77
65,Copper_refinement,DEU,2.77,2.77,2.77,2.77,2.77,2.77
66,Copper_refinement,ITA,2.77,2.77,2.77,2.77,2.77,2.77
67,Copper_refinement,JPN,0.92,0.92,0.92,0.92,0.92,0.92
68,Copper_refinement,KOR,3.44,3.44,3.44,3.44,3.44,3.44
69,Copper_refinement,ROE,2.77,2.77,2.77,2.77,2.77,2.77
70,Copper_refinement,ROW,3.44,3.44,3.44,3.44,3.44,3.44
71,Copper_refinement,USA,3.44,3.44,3.44,3.44,3.44,3.44
72,HEX_manufacturing,AUS,0.0,0.0,0.0,0.0,0.0,0.0
73,HEX_manufacturing,AUT,0.0,0.0,0.0,0.0,0.0,0.0
74,HEX_manufacturing,BRA,0.0,0.0,0.0,0.0,0.0,0.0
75,HEX_manufacturing,CHN,0.0,0.0,0.0,0.0,0.0,0.0
76,HEX_manufacturing,CZE,0.0,0.0,0.0,0.0,0.0,0.0
77,HEX_manufacturing,DEU,0.0,0.0,0.0,0.0,0.0,0.0
78,HEX_manufacturing,ITA,0.0,0.0,0.0,0.0,0.0,0.0
79,HEX_manufacturing,JPN,0.0,0.0,0.0,0.0,0.0,0.0
80,HEX_manufacturing,KOR,0.0,0.0,0.0,0.0,0.0,0.0
81,HEX_manufacturing,ROE,0.0,0.0,0.0,0.0,0.0,0.0
82,HEX_manufacturing,ROW,0.0,0.0,0.0,0.0,0.0,0.0
83,HEX_manufacturing,USA,0.0,0.0,0.0,0.0,0.0,0.0
84,HP_assembly,AUS,0.0,0.0,0.0,0.0,0.0,0.0
85,HP_assembly,AUT,0.0,0.0,0.0,0.0,0.0,0.0
86,HP_assembly,BRA,0.0,0.0,0.0,0.0,0.0,0.0
87,HP_assembly,CHN,0.0,0.0,0.0,0.0,0.0,0.0
88,HP_assembly,CZE,0.0,0.0,0.0,0.0,0.0,0.0
89,HP_assembly,DEU,0.0,0.0,0.0,0.0,0.0,0.0
90,HP_assembly,ITA,0.0,0.0,0.0,0.0,0.0,0.0
91,HP_assembly,JPN,0.0,0.0,0.0,0.0,0.0,0.0
92,HP_assembly,KOR,0.0,0.0,0.0,0.0,0.0,0.0
93,HP_assembly,ROE,0.0,0.0,0.0,0.0,0.0,0.0
94,HP_assembly,ROW,0.0,0.0,0.0,0.0,0.0,0.0
95,HP_assembly,USA,0.0,0.0,0.0,0.0,0.0,0.0
96,Iron_mining,AUS,0.013,0.013,0.013,0.013,0.013,0.013
97,Iron_mining,AUT,0.013,0.013,0.013,0.013,0.013,0.013
98,Iron_mining,BRA,0.013,0.013,0.013,0.013,0.013,0.013
99,Iron_mining,CHN,0.013,0.013,0.013,0.013,0.013,0.013
100,Iron_mining,CZE,0.013,0.013,0.013,0.013,0.013,0.013
101,Iron_mining,DEU,0.013,0.013,0.013,0.013,0.013,0.013
102,Iron_mining,ITA,0.013,0.013,0.013,0.013,0.013,0.013
103,Iron_mining,JPN,0.013,0.013,0.013,0.013,0.013,0.013
104,Iron_mining,KOR,0.013,0.013,0.013,0.013,0.013,0.013
105,Iron_mining,ROE,0.013,0.013,0.013,0.013,0.013,0.013
106,Iron_mining,ROW,0.013,0.013,0.013,0.013,0.013,0.013
107,Iron_mining,USA,0.013,0.013,0.013,0.013,0.013,0.013
108,Nickel_mining,AUS,9.1,9.1,9.1,9.1,9.1,9.1
109,Nickel_mining,AUT,9.1,9.1,9.1,9.1,9.1,9.1
110,Nickel_mining,BRA,9.1,9.1,9.1,9.1,9.1,9.1
111,Nickel_mining,CHN,9.1,9.1,9.1,9.1,9.1,9.1
112,Nickel_mining,CZE,9.1,9.1,9.1,9.1,9.1,9.1
113,Nickel_mining,DEU,9.1,9.1,9.1,9.1,9.1,9.1
114,Nickel_mining,ITA,9.1,9.1,9.1,9.1,9.1,9.1
115,Nickel_mining,JPN,9.1,9.1,9.1,9.1,9.1,9.1
116,Nickel_mining,KOR,9.1,9.1,9.1,9.1,9.1,9.1
117,Nickel_mining,ROE,9.1,9.1,9.1,9.1,9.1,9.1
118,Nickel_mining,ROW,9.1,9.1,9.1,9.1,9.1,9.1
119,Nickel_mining,USA,9.1,9.1,9.1,9.1,9.1,9.1
120,Nickel_recycling,AUS,9.1,9.1,9.1,9.1,9.1,9.1
121,Nickel_recycling,AUT,9.1,9.1,9.1,9.1,9.1,9.1
122,Nickel_recycling,BRA,9.1,9.1,9.1,9.1,9.1,9.1
123,Nickel_recycling,CHN,9.1,9.1,9.1,9.1,9.1,9.1
124,Nickel_recycling,CZE,9.1,9.1,9.1,9.1,9.1,9.1
125,Nickel_recycling,DEU,9.1,9.1,9.1,9.1,9.1,9.1
126,Nickel_recycling,ITA,9.1,9.1,9.1,9.1,9.1,9.1
127,Nickel_recycling,JPN,9.1,9.1,9.1,9.1,9.1,9.1
128,Nickel_recycling,KOR,9.1,9.1,9.1,9.1,9.1,9.1
129,Nickel_recycling,ROE,9.1,9.1,9.1,9.1,9.1,9.1
130,Nickel_recycling,ROW,9.1,9.1,9.1,9.1,9.1,9.1
131,Nickel_recycling,USA,9.1,9.1,9.1,9.1,9.1,9.1
132,Steel_production,AUS,0.0,0.0,0.0,0.0,0.0,0.0
133,Steel_production,AUT,0.0,0.0,0.0,0.0,0.0,0.0
134,Steel_production,BRA,0.0,0.0,0.0,0.0,0.0,0.0
135,Steel_production,CHN,0.0,0.0,0.0,0.0,0.0,0.0
136,Steel_production,CZE,0.0,0.0,0.0,0.0,0.0,0.0
137,Steel_production,DEU,0.0,0.0,0.0,0.0,0.0,0.0
138,Steel_production,ITA,0.0,0.0,0.0,0.0,0.0,0.0
139,Steel_production,JPN,0.0,0.0,0.0,0.0,0.0,0.0
140,Steel_production,KOR,0.0,0.0,0.0,0.0,0.0,0.0
141,Steel_production,ROE,0.0,0.0,0.0,0.0,0.0,0.0
142,Steel_production,ROW,0.0,0.0,0.0,0.0,0.0,0.0
143,Steel_production,USA,0.0,0.0,0.0,0.0,0.0,0.0
144,Aluminium_transport,AUS-AUT,0.0,0.0,0.0,0.0,0.0,0.0
145,Aluminium_transport,AUS-BRA,0.0,0.0,0.0,0.0,0.0,0.0
146,Aluminium_transport,AUS-CHN,0.0,0.0,0.0,0.0,0.0,0.0
147,Aluminium_transport,AUS-CZE,0.0,0.0,0.0,0.0,0.0,0.0
148,Aluminium_transport,AUS-DEU,0.0,0.0,0.0,0.0,0.0,0.0
149,Aluminium_transport,AUS-ITA,0.0,0.0,0.0,0.0,0.0,0.0
150,Aluminium_transport,AUS-JPN,0.0,0.0,0.0,0.0,0.0,0.0
151,Aluminium_transport,AUS-KOR,0.0,0.0,0.0,0.0,0.0,0.0
152,Aluminium_transport,AUS-ROE,0.0,0.0,0.0,0.0,0.0,0.0
153,Aluminium_transport,AUS-ROW,0.0,0.0,0.0,0.0,0.0,0.0
154,Aluminium_transport,AUS-USA,0.0,0.0,0.0,0.0,0.0,0.0
155,Aluminium_transport,AUT-AUS,0.0,0.0,0.0,0.0,0.0,0.0
156,Aluminium_transport,AUT-BRA,0.0,0.0,0.0,0.0,0.0,0.0
157,Aluminium_transport,AUT-CHN,0.0,0.0,0.0,0.0,0.0,0.0
158,Aluminium_transport,AUT-CZE,0.0,0.0,0.0,0.0,0.0,0.0
159,Aluminium_transport,AUT-DEU,0.0,0.0,0.0,0.0,0.0,0.0
160,Aluminium_transport,AUT-ITA,0.0,0.0,0.0,0.0,0.0,0.0
161,Aluminium_transport,AUT-JPN,0.0,0.0,0.0,0.0,0.0,0.0
162,Aluminium_transport,AUT-KOR,0.0,0.0,0.0,0.0,0.0,0.0
163,Aluminium_transport,AUT-ROE,0.0,0.0,0.0,0.0,0.0,0.0
164,Aluminium_transport,AUT-ROW,0.0,0.0,0.0,0.0,0.0,0.0
165,Aluminium_transport,AUT-USA,0.0,0.0,0.0,0.0,0.0,0.0
166,Aluminium_transport,BRA-AUS,0.0,0.0,0.0,0.0,0.0,0.0
167,Aluminium_transport,BRA-AUT,0.0,0.0,0.0,0.0,0.0,0.0
168,Aluminium_transport,BRA-CHN,0.0,0.0,0.0,0.0,0.0,0.0
169,Aluminium_transport,BRA-CZE,0.0,0.0,0.0,0.0,0.0,0.0
170,Aluminium_transport,BRA-DEU,0.0,0.0,0.0,0.0,0.0,0.0
171,Aluminium_transport,BRA-ITA,0.0,0.0,0.0,0.0,0.0,0.0
172,Aluminium_transport,BRA-JPN,0.0,0.0,0.0,0.0,0.0,0.0
173,Aluminium_transport,BRA-KOR,0.0,0.0,0.0,0.0,0.0,0.0
174,Aluminium_transport,BRA-ROE,0.0,0.0,0.0,0.0,0.0,0.0
175,Aluminium_transport,BRA-ROW,0.0,0.0,0.0,0.0,0.0,0.0
176,Aluminium_transport,BRA-USA,0.0,0.0,0.0,0.0,0.0,0.0
177,Aluminium_transport,CHN-AUS,0.0,0.0,0.0,0.0,0.0,0.0
178,Aluminium_transport,CHN-AUT,0.0,0.0,0.0,0.0,0.0,0.0
179,Aluminium_transport,CHN-BRA,0.0,0.0,0.0,0.0,0.0,0.0
180,Aluminium_transport,CHN-CZE,0.0,0.0,0.0,0.0,0.0,0.0
181,Aluminium_transport,CHN-DEU,0.0,0.0,0.0,0.0,0.0,0.0
182,Aluminium_transport,CHN-ITA,0.0,0.0,0.0,0.0,0.0,0.0
183,Aluminium_transport,CHN-JPN,0.0,0.0,0.0,0.0,0.0,0.0
184,Aluminium_transport,CHN-KOR,0.0,0.0,0.0,0.0,0.0,0.0
185,Aluminium_transport,CHN-ROE,0.0,0.0,0.0,0.0,0.0,0.0
186,Aluminium_transport,CHN-ROW,0.0,0.0,0.0,0.0,0.0,0.0
187,Aluminium_transport,CHN-USA,0.0,0.0,0.0,0.0,0.0,0.0
188,Aluminium_transport,CZE-AUS,0.0,0.0,0.0,0.0,0.0,0.0
189,Aluminium_transport,CZE-AUT,0.0,0.0,0.0,0.0,0.0,0.0
190,Aluminium_transport,CZE-BRA,0.0,0.0,0.0,0.0,0.0,0.0
191,Aluminium_transport,CZE-CHN,0.0,0.0,0.0,0.0,0.0,0.0
192,Aluminium_transport,CZE-DEU,0.0,0.0,0.0,0.0,0.0,0.0
193,Aluminium_transport,CZE-ITA,0.0,0.0,0.0,0.0,0.0,0.0
194,Aluminium_transport,CZE-JPN,0.0,0.0,0.0,0.0,0.0,0.0
195,Aluminium_transport,CZE-KOR,0.0,0.0,0.0,0.0,0.0,0.0
196,Aluminium_transport,CZE-ROE,0.0,0.0,0.0,0.0,0.0,0.0
197,Aluminium_transport,CZE-ROW,0.0,0.0,0.0,0.0,0.0,0.0
198,Aluminium_transport,CZE-USA,0.0,0.0,0.0,0.0,0.0,0.0
199,Aluminium_transport,DEU-AUS,0.0,0.0,0.0,0.0,0.0,0.0
200,Aluminium_transport,DEU-AUT,0.0,0.0,0.0,0.0,0.0,0.0
201,Aluminium_transport,DEU-BRA,0.0,0.0,0.0,0.0,0.0,0.0
202,Aluminium_transport,DEU-CHN,0.0,0.0,0.0,0.0,0.0,0.0
203,Aluminium_transport,DEU-CZE,0.0,0.0,0.0,0.0,0.0,0.0
204,Aluminium_transport,DEU-ITA,0.0,0.0,0.0,0.0,0.0,0.0
205,Aluminium_transport,DEU-JPN,0.0,0.0,0.0,0.0,0.0,0.0
206,Aluminium_transport,DEU-KOR,0.0,0.0,0.0,0.0,0.0,0.0
207,Aluminium_transport,DEU-ROE,0.0,0.0,0.0,0.0,0.0,0.0
208,Aluminium_transport,DEU-ROW,0.0,0.0,0.0,0.0,0.0,0.0
209,Aluminium_transport,DEU-USA,0.0,0.0,0.0,0.0,0.0,0.0
210,Aluminium_transport,ITA-AUS,0.0,0.0,0.0,0.0,0.0,0.0
211,Aluminium_transport,ITA-AUT,0.0,0.0,0.0,0.0,0.0,0.0
212,Aluminium_transport,ITA-BRA,0.0,0.0,0.0,0.0,0.0,0.0
213,Aluminium_transport,ITA-CHN,0.0,0.0,0.0,0.0,0.0,0.0
214,Aluminium_transport,ITA-CZE,0.0,0.0,0.0,0.0,0.0,0.0
215,Aluminium_transport,ITA-DEU,0.0,0.0,0.0,0.0,0.0,0.0
216,Aluminium_transport,ITA-JPN,0.0,0.0,0.0,0.0,0.0,0.0
217,Aluminium_transport,ITA-KOR,0.0,0.0,0.0,0.0,0.0,0.0
218,Aluminium_transport,ITA-ROE,0.0,0.0,0.0,0.0,0.0,0.0
219,Aluminium_transport,ITA-ROW,0.0,0.0,0.0,0.0,0.0,0.0
220,Aluminium_transport,ITA-USA,0.0,0.0,0.0,0.0,0.0,0.0
221,Aluminium_transport,JPN-AUS,0.0,0.0,0.0,0.0,0.0,0.0
222,Aluminium_transport,JPN-AUT,0.0,0.0,0.0,0.0,0.0,0.0
223,Aluminium_transport,JPN-BRA,0.0,0.0,0.0,0.0,0.0,0.0
224,Aluminium_transport,JPN-CHN,0.0,0.0,0.0,0.0,0.0,0.0
225,Aluminium_transport,JPN-CZE,0.0,0.0,0.0,0.0,0.0,0.0
226,Aluminium_transport,JPN-DEU,0.0,0.0,0.0,0.0,0.0,0.0
227,Aluminium_transport,JPN-ITA,0.0,0.0,0.0,0.0,0.0,0.0
228,Aluminium_transport,JPN-KOR,0.0,0.0,0.0,0.0,0.0,0.0
229,Aluminium_transport,JPN-ROE,0.0,0.0,0.0,0.0,0.0,0.0
230,Aluminium_transport,JPN-ROW,0.0,0.0,0.0,0.0,0.0,0.0
231,Aluminium_transport,JPN-USA,0.0,0.0,0.0,0.0,0.0,0.0
232,Aluminium_transport,KOR-AUS,0.0,0.0,0.0,0.0,0.0,0.0
233,Aluminium_transport,KOR-AUT,0.0,0.0,0.0,0.0,0.0,0.0
234,Aluminium_transport,KOR-BRA,0.0,0.0,0.0,0.0,0.0,0.0
235,Aluminium_transport,KOR-CHN,0.0,0.0,0.0,0.0,0.0,0.0
236,Aluminium_transport,KOR-CZE,0.0,0.0,0.0,0.0,0.0,0.0
237,Aluminium_transport,KOR-DEU,0.0,0.0,0.0,0.0,0.0,0.0
238,Aluminium_transport,KOR-ITA,0.0,0.0,0.0,0.0,0.0,0.0
239,Aluminium_transport,KOR-JPN,0.0,0.0,0.0,0.0,0.0,0.0
240,Aluminium_transport,KOR-ROE,0.0,0.0,0.0,0.0,0.0,0.0
241,Aluminium_transport,KOR-ROW,0.0,0.0,0.0,0.0,0.0,0.0
242,Aluminium_transport,KOR-USA,0.0,0.0,0.0,0.0,0.0,0.0
243,Aluminium_transport,ROE-AUS,0.0,0.0,0.0,0.0,0.0,0.0
244,Aluminium_transport,ROE-AUT,0.0,0.0,0.0,0.0,0.0,0.0
245,Aluminium_transport,ROE-BRA,0.0,0.0,0.0,0.0,0.0,0.0
246,Aluminium_transport,ROE-CHN,0.0,0.0,0.0,0.0,0.0,0.0
247,Aluminium_transport,ROE-CZE,0.0,0.0,0.0,0.0,0.0,0.0
248,Aluminium_transport,ROE-DEU,0.0,0.0,0.0,0.0,0.0,0.0
249,Aluminium_transport,ROE-ITA,0.0,0.0,0.0,0.0,0.0,0.0
250,Aluminium_transport,ROE-JPN,0.0,0.0,0.0,0.0,0.0,0.0
251,Aluminium_transport,ROE-KOR,0.0,0.0,0.0,0.0,0.0,0.0
252,Aluminium_transport,ROE-ROW,0.0,0.0,0.0,0.0,0.0,0.0
253,Aluminium_transport,ROE-USA,0.0,0.0,0.0,0.0,0.0,0.0
254,Aluminium_transport,ROW-AUS,0.0,0.0,0.0,0.0,0.0,0.0
255,Aluminium_transport,ROW-AUT,0.0,0.0,0.0,0.0,0.0,0.0
256,Aluminium_transport,ROW-BRA,0.0,0.0,0.0,0.0,0.0,0.0
257,Aluminium_transport,ROW-CHN,0.0,0.0,0.0,0.0,0.0,0.0
258,Aluminium_transport,ROW-CZE,0.0,0.0,0.0,0.0,0.0,0.0
259,Aluminium_transport,ROW-DEU,0.0,0.0,0.0,0.0,0.0,0.0
260,Aluminium_transport,ROW-ITA,0.0,0.0,0.0,0.0,0.0,0.0
261,Aluminium_transport,ROW-JPN,0.0,0.0,0.0,0.0,0.0,0.0
262,Aluminium_transport,ROW-KOR,0.0,0.0,0.0,0.0,0.0,0.0
263,Aluminium_transport,ROW-ROE,0.0,0.0,0.0,0.0,0.0,0.0
264,Aluminium_transport,ROW-USA,0.0,0.0,0.0,0.0,0.0,0.0
265,Aluminium_transport,USA-AUS,0.0,0.0,0.0,0.0,0.0,0.0
266,Aluminium_transport,USA-AUT,0.0,0.0,0.0,0.0,0.0,0.0
267,Aluminium_transport,USA-BRA,0.0,0.0,0.0,0.0,0.0,0.0
268,Aluminium_transport,USA-CHN,0.0,0.0,0.0,0.0,0.0,0.0
269,Aluminium_transport,USA-CZE,0.0,0.0,0.0,0.0,0.0,0.0
270,Aluminium_transport,USA-DEU,0.0,0.0,0.0,0.0,0.0,0.0
271,Aluminium_transport,USA-ITA,0.0,0.0,0.0,0.0,0.0,0.0
272,Aluminium_transport,USA-JPN,0.0,0.0,0.0,0.0,0.0,0.0
273,Aluminium_transport,USA-KOR,0.0,0.0,0.0,0.0,0.0,0.0
274,Aluminium_transport,USA-ROE,0.0,0.0,0.0,0.0,0.0,0.0
275,Aluminium_transport,USA-ROW,0.0,0.0,0.0,0.0,0.0,0.0
276,Bauxite_transport,AUS-AUT,0.0,0.0,0.0,0.0,0.0,0.0
277,Bauxite_transport,AUS-BRA,0.0,0.0,0.0,0.0,0.0,0.0
278,Bauxite_transport,AUS-CHN,0.0,0.0,0.0,0.0,0.0,0.0
279,Bauxite_transport,AUS-CZE,0.0,0.0,0.0,0.0,0.0,0.0
280,Bauxite_transport,AUS-DEU,0.0,0.0,0.0,0.0,0.0,0.0
281,Bauxite_transport,AUS-ITA,0.0,0.0,0.0,0.0,0.0,0.0
282,Bauxite_transport,AUS-JPN,0.0,0.0,0.0,0.0,0.0,0.0
283,Bauxite_transport,AUS-KOR,0.0,0.0,0.0,0.0,0.0,0.0
284,Bauxite_transport,AUS-ROE,0.0,0.0,0.0,0.0,0.0,0.0
285,Bauxite_transport,AUS-ROW,0.0,0.0,0.0,0.0,0.0,0.0
286,Bauxite_transport,AUS-USA,0.0,0.0,0.0,0.0,0.0,0.0
287,Bauxite_transport,AUT-AUS,0.0,0.0,0.0,0.0,0.0,0.0
288,Bauxite_transport,AUT-BRA,0.0,0.0,0.0,0.0,0.0,0.0
289,Bauxite_transport,AUT-CHN,0.0,0.0,0.0,0.0,0.0,0.0
290,Bauxite_transport,AUT-CZE,0.0,0.0,0.0,0.0,0.0,0.0
291,Bauxite_transport,AUT-DEU,0.0,0.0,0.0,0.0,0.0,0.0
292,Bauxite_transport,AUT-ITA,0.0,0.0,0.0,0.0,0.0,0.0
293,Bauxite_transport,AUT-JPN,0.0,0.0,0.0,0.0,0.0,0.0
294,Bauxite_transport,AUT-KOR,0.0,0.0,0.0,0.0,0.0,0.0
295,Bauxite_transport,AUT-ROE,0.0,0.0,0.0,0.0,0.0,0.0
296,Bauxite_transport,AUT-ROW,0.0,0.0,0.0,0.0,0.0,0.0
297,Bauxite_transport,AUT-USA,0.0,0.0,0.0,0.0,0.0,0.0
298,Bauxite_transport,BRA-AUS,0.0,0.0,0.0,0.0,0.0,0.0
299,Bauxite_transport,BRA-AUT,0.0,0.0,0.0,0.0,0.0,0.0
300,Bauxite_transport,BRA-CHN,0.0,0.0,0.0,0.0,0.0,0.0
301,Bauxite_transport,BRA-CZE,0.0,0.0,0.0,0.0,0.0,0.0
302,Bauxite_transport,BRA-DEU,0.0,0.0,0.0,0.0,0.0,0.0
303,Bauxite_transport,BRA-ITA,0.0,0.0,0.0,0.0,0.0,0.0
304,Bauxite_transport,BRA-JPN,0.0,0.0,0.0,0.0,0.0,0.0
305,Bauxite_transport,BRA-KOR,0.0,0.0,0.0,0.0,0.0,0.0
306,Bauxite_transport,BRA-ROE,0.0,0.0,0.0,0.0,0.0,0.0
307,Bauxite_transport,BRA-ROW,0.0,0.0,0.0,0.0,0.0,0.0
308,Bauxite_transport,BRA-USA,0.0,0.0,0.0,0.0,0.0,0.0
309,Bauxite_transport,CHN-AUS,0.0,0.0,0.0,0.0,0.0,0.0
310,Bauxite_transport,CHN-AUT,0.0,0.0,0.0,0.0,0.0,0.0
311,Bauxite_transport,CHN-BRA,0.0,0.0,0.0,0.0,0.0,0.0
312,Bauxite_transport,CHN-CZE,0.0,0.0,0.0,0.0,0.0,0.0
313,Bauxite_transport,CHN-DEU,0.0,0.0,0.0,0.0,0.0,0.0
314,Bauxite_transport,CHN-ITA,0.0,0.0,0.0,0.0,0.0,0.0
315,Bauxite_transport,CHN-JPN,0.0,0.0,0.0,0.0,0.0,0.0
316,Bauxite_transport,CHN-KOR,0.0,0.0,0.0,0.0,0.0,0.0
317,Bauxite_transport,CHN-ROE,0.0,0.0,0.0,0.0,0.0,0.0
318,Bauxite_transport,CHN-ROW,0.0,0.0,0.0,0.0,0.0,0.0
319,Bauxite_transport,CHN-USA,0.0,0.0,0.0,0.0,0.0,0.0
320,Bauxite_transport,CZE-AUS,0.0,0.0,0.0,0.0,0.0,0.0
321,Bauxite_transport,CZE-AUT,0.0,0.0,0.0,0.0,0.0,0.0
322,Bauxite_transport,CZE-BRA,0.0,0.0,0.0,0.0,0.0,0.0
323,Bauxite_transport,CZE-CHN,0.0,0.0,0.0,0.0,0.0,0.0
324,Bauxite_transport,CZE-DEU,0.0,0.0,0.0,0.0,0.0,0.0
325,Bauxite_transport,CZE-ITA,0.0,0.0,0.0,0.0,0.0,0.0
326,Bauxite_transport,CZE-JPN,0.0,0.0,0.0,0.0,0.0,0.0
327,Bauxite_transport,CZE-KOR,0.0,0.0,0.0,0.0,0.0,0.0
328,Bauxite_transport,CZE-ROE,0.0,0.0,0.0,0.0,0.0,0.0
329,Bauxite_transport,CZE-ROW,0.0,0.0,0.0,0.0,0.0,0.0
330,Bauxite_transport,CZE-USA,0.0,0.0,0.0,0.0,0.0,0.0
331,Bauxite_transport,DEU-AUS,0.0,0.0,0.0,0.0,0.0,0.0
332,Bauxite_transport,DEU-AUT,0.0,0.0,0.0,0.0,0.0,0.0
333,Bauxite_transport,DEU-BRA,0.0,0.0,0.0,0.0,0.0,0.0
334,Bauxite_transport,DEU-CHN,0.0,0.0,0.0,0.0,0.0,0.0
335,Bauxite_transport,DEU-CZE,0.0,0.0,0.0,0.0,0.0,0.0
336,Bauxite_transport,DEU-ITA,0.0,0.0,0.0,0.0,0.0,0.0
337,Bauxite_transport,DEU-JPN,0.0,0.0,0.0,0.0,0.0,0.0
338,Bauxite_transport,DEU-KOR,0.0,0.0,0.0,0.0,0.0,0.0
339,Bauxite_transport,DEU-ROE,0.0,0.0,0.0,0.0,0.0,0.0
340,Bauxite_transport,DEU-ROW,0.0,0.0,0.0,0.0,0.0,0.0
341,Bauxite_transport,DEU-USA,0.0,0.0,0.0,0.0,0.0,0.0
342,Bauxite_transport,ITA-AUS,0.0,0.0,0.0,0.0,0.0,0.0
343,Bauxite_transport,ITA-AUT,0.0,0.0,0.0,0.0,0.0,0.0
344,Bauxite_transport,ITA-BRA,0.0,0.0,0.0,0.0,0.0,0.0
345,Bauxite_transport,ITA-CHN,0.0,0.0,0.0,0.0,0.0,0.0
346,Bauxite_transport,ITA-CZE,0.0,0.0,0.0,0.0,0.0,0.0
347,Bauxite_transport,ITA-DEU,0.0,0.0,0.0,0.0,0.0,0.0
348,Bauxite_transport,ITA-JPN,0.0,0.0,0.0,0.0,0.0,0.0
349,Bauxite_transport,ITA-KOR,0.0,0.0,0.0,0.0,0.0,0.0
350,Bauxite_transport,ITA-ROE,0.0,0.0,0.0,0.0,0.0,0.0
351,Bauxite_transport,ITA-ROW,0.0,0.0,0.0,0.0,0.0,0.0
352,Bauxite_transport,ITA-USA,0.0,0.0,0.0,0.0,0.0,0.0
353,Bauxite_transport,JPN-AUS,0.0,0.0,0.0,0.0,0.0,0.0
354,Bauxite_transport,JPN-AUT,0.0,0.0,0.0,0.0,0.0,0.0
355,Bauxite_transport,JPN-BRA,0.0,0.0,0.0,0.0,0.0,0.0
356,Bauxite_transport,JPN-CHN,0.0,0.0,0.0,0.0,0.0,0.0
357,Bauxite_transport,JPN-CZE,0.0,0.0,0.0,0.0,0.0,0.0
358,Bauxite_transport,JPN-DEU,0.0,0.0,0.0,0.0,0.0,0.0
359,Bauxite_transport,JPN-ITA,0.0,0.0,0.0,0.0,0.0,0.0
360,Bauxite_transport,JPN-KOR,0.0,0.0,0.0,0.0,0.0,0.0
361,Bauxite_transport,JPN-ROE,0.0,0.0,0.0,0.0,0.0,0.0
362,Bauxite_transport,JPN-ROW,0.0,0.0,0.0,0.0,0.0,0.0
363,Bauxite_transport,JPN-USA,0.0,0.0,0.0,0.0,0.0,0.0
364,Bauxite_transport,KOR-AUS,0.0,0.0,0.0,0.0,0.0,0.0
365,Bauxite_transport,KOR-AUT,0.0,0.0,0.0,0.0,0.0,0.0
366,Bauxite_transport,KOR-BRA,0.0,0.0,0.0,0.0,0.0,0.0
367,Bauxite_transport,KOR-CHN,0.0,0.0,0.0,0.0,0.0,0.0
368,Bauxite_transport,KOR-CZE,0.0,0.0,0.0,0.0,0.0,0.0
369,Bauxite_transport,KOR-DEU,0.0,0.0,0.0,0.0,0.0,0.0
370,Bauxite_transport,KOR-ITA,0.0,0.0,0.0,0.0,0.0,0.0
371,Bauxite_transport,KOR-JPN,0.0,0.0,0.0,0.0,0.0,0.0
372,Bauxite_transport,KOR-ROE,0.0,0.0,0.0,0.0,0.0,0.0
373,Bauxite_transport,KOR-ROW,0.0,0.0,0.0,0.0,0.0,0.0
374,Bauxite_transport,KOR-USA,0.0,0.0,0.0,0.0,0.0,0.0
375,Bauxite_transport,ROE-AUS,0.0,0.0,0.0,0.0,0.0,0.0
376,Bauxite_transport,ROE-AUT,0.0,0.0,0.0,0.0,0.0,0.0
377,Bauxite_transport,ROE-BRA,0.0,0.0,0.0,0.0,0.0,0.0
378,Bauxite_transport,ROE-CHN,0.0,0.0,0.0,0.0,0.0,0.0
379,Bauxite_transport,ROE-CZE,0.0,0.0,0.0,0.0,0.0,0.0
380,Bauxite_transport,ROE-DEU,0.0,0.0,0.0,0.0,0.0,0.0
381,Bauxite_transport,ROE-ITA,0.0,0.0,0.0,0.0,0.0,0.0
382,Bauxite_transport,ROE-JPN,0.0,0.0,0.0,0.0,0.0,0.0
383,Bauxite_transport,ROE-KOR,0.0,0.0,0.0,0.0,0.0,0.0
384,Bauxite_transport,ROE-ROW,0.0,0.0,0.0,0.0,0.0,0.0
385,Bauxite_transport,ROE-USA,0.0,0.0,0.0,0.0,0.0,0.0
386,Bauxite_transport,ROW-AUS,0.0,0.0,0.0,0.0,0.0,0.0
387,Bauxite_transport,ROW-AUT,0.0,0.0,0.0,0.0,0.0,0.0
388,Bauxite_transport,ROW-BRA,0.0,0.0,0.0,0.0,0.0,0.0
389,Bauxite_transport,ROW-CHN,0.0,0.0,0.0,0.0,0.0,0.0
390,Bauxite_transport,ROW-CZE,0.0,0.0,0.0,0.0,0.0,0.0
391,Bauxite_transport,ROW-DEU,0.0,0.0,0.0,0.0,0.0,0.0
392,Bauxite_transport,ROW-ITA,0.0,0.0,0.0,0.0,0.0,0.0
393,Bauxite_transport,ROW-JPN,0.0,0.0,0.0,0.0,0.0,0.0
394,Bauxite_transport,ROW-KOR,0.0,0.0,0.0,0.0,0.0,0.0
395,Bauxite_transport,ROW-ROE,0.0,0.0,0.0,0.0,0.0,0.0
396,Bauxite_transport,ROW-USA,0.0,0.0,0.0,0.0,0.0,0.0
397,Bauxite_transport,USA-AUS,0.0,0.0,0.0,0.0,0.0,0.0
398,Bauxite_transport,USA-AUT,0.0,0.0,0.0,0.0,0.0,0.0
399,Bauxite_transport,USA-BRA,0.0,0.0,0.0,0.0,0.0,0.0
400,Bauxite_transport,USA-CHN,0.0,0.0,0.0,0.0,0.0,0.0
401,Bauxite_transport,USA-CZE,0.0,0.0,0.0,0.0,0.0,0.0
402,Bauxite_transport,USA-DEU,0.0,0.0,0.0,0.0,0.0,0.0
403,Bauxite_transport,USA-ITA,0.0,0.0,0.0,0.0,0.0,0.0
404,Bauxite_transport,USA-JPN,0.0,0.0,0.0,0.0,0.0,0.0
405,Bauxite_transport,USA-KOR,0.0,0.0,0.0,0.0,0.0,0.0
406,Bauxite_transport,USA-ROE,0.0,0.0,0.0,0.0,0.0,0.0
407,Bauxite_transport,USA-ROW,0.0,0.0,0.0,0.0,0.0,0.0
408,Compressor_transport,AUS-AUT,0.0,0.0,0.0,0.0,0.0,0.0
409,Compressor_transport,AUS-BRA,0.0,0.0,0.0,0.0,0.0,0.0
410,Compressor_transport,AUS-CHN,0.0,0.0,0.0,0.0,0.0,0.0
411,Compressor_transport,AUS-CZE,0.0,0.0,0.0,0.0,0.0,0.0
412,Compressor_transport,AUS-DEU,0.0,0.0,0.0,0.0,0.0,0.0
413,Compressor_transport,AUS-ITA,0.0,0.0,0.0,0.0,0.0,0.0
414,Compressor_transport,AUS-JPN,0.0,0.0,0.0,0.0,0.0,0.0
415,Compressor_transport,AUS-KOR,0.0,0.0,0.0,0.0,0.0,0.0
416,Compressor_transport,AUS-ROE,0.0,0.0,0.0,0.0,0.0,0.0
417,Compressor_transport,AUS-ROW,0.0,0.0,0.0,0.0,0.0,0.0
418,Compressor_transport,AUS-USA,0.0,0.0,0.0,0.0,0.0,0.0
419,Compressor_transport,AUT-AUS,0.0,0.0,0.0,0.0,0.0,0.0
420,Compressor_transport,AUT-BRA,0.0,0.0,0.0,0.0,0.0,0.0
421,Compressor_transport,AUT-CHN,0.0,0.0,0.0,0.0,0.0,0.0
422,Compressor_transport,AUT-CZE,0.0,0.0,0.0,0.0,0.0,0.0
423,Compressor_transport,AUT-DEU,0.0,0.0,0.0,0.0,0.0,0.0
424,Compressor_transport,AUT-ITA,0.0,0.0,0.0,0.0,0.0,0.0
425,Compressor_transport,AUT-JPN,0.0,0.0,0.0,0.0,0.0,0.0
426,Compressor_transport,AUT-KOR,0.0,0.0,0.0,0.0,0.0,0.0
427,Compressor_transport,AUT-ROE,0.0,0.0,0.0,0.0,0.0,0.0
428,Compressor_transport,AUT-ROW,0.0,0.0,0.0,0.0,0.0,0.0
429,Compressor_transport,AUT-USA,0.0,0.0,0.0,0.0,0.0,0.0
430,Compressor_transport,BRA-AUS,0.0,0.0,0.0,0.0,0.0,0.0
431,Compressor_transport,BRA-AUT,0.0,0.0,0.0,0.0,0.0,0.0
432,Compressor_transport,BRA-CHN,0.0,0.0,0.0,0.0,0.0,0.0
433,Compressor_transport,BRA-CZE,0.0,0.0,0.0,0.0,0.0,0.0
434,Compressor_transport,BRA-DEU,0.0,0.0,0.0,0.0,0.0,0.0
435,Compressor_transport,BRA-ITA,0.0,0.0,0.0,0.0,0.0,0.0
436,Compressor_transport,BRA-JPN,0.0,0.0,0.0,0.0,0.0,0.0
437,Compressor_transport,BRA-KOR,0.0,0.0,0.0,0.0,0.0,0.0
438,Compressor_transport,BRA-ROE,0.0,0.0,0.0,0.0,0.0,0.0
439,Compressor_transport,BRA-ROW,0.0,0.0,0.0,0.0,0.0,0.0
440,Compressor_transport,BRA-USA,0.0,0.0,0.0,0.0,0.0,0.0
441,Compressor_transport,CHN-AUS,0.0,0.0,0.0,0.0,0.0,0.0
442,Compressor_transport,CHN-AUT,0.0,0.0,0.0,0.0,0.0,0.0
443,Compressor_transport,CHN-BRA,0.0,0.0,0.0,0.0,0.0,0.0
444,Compressor_transport,CHN-CZE,0.0,0.0,0.0,0.0,0.0,0.0
445,Compressor_transport,CHN-DEU,0.0,0.0,0.0,0.0,0.0,0.0
446,Compressor_transport,CHN-ITA,0.0,0.0,0.0,0.0,0.0,0.0
447,Compressor_transport,CHN-JPN,0.0,0.0,0.0,0.0,0.0,0.0
448,Compressor_transport,CHN-KOR,0.0,0.0,0.0,0.0,0.0,0.0
449,Compressor_transport,CHN-ROE,0.0,0.0,0.0,0.0,0.0,0.0
450,Compressor_transport,CHN-ROW,0.0,0.0,0.0,0.0,0.0,0.0
451,Compressor_transport,CHN-USA,0.0,0.0,0.0,0.0,0.0,0.0
452,Compressor_transport,CZE-AUS,0.0,0.0,0.0,0.0,0.0,0.0
453,Compressor_transport,CZE-AUT,0.0,0.0,0.0,0.0,0.0,0.0
454,Compressor_transport,CZE-BRA,0.0,0.0,0.0,0.0,0.0,0.0
455,Compressor_transport,CZE-CHN,0.0,0.0,0.0,0.0,0.0,0.0
456,Compressor_transport,CZE-DEU,0.0,0.0,0.0,0.0,0.0,0.0
457,Compressor_transport,CZE-ITA,0.0,0.0,0.0,0.0,0.0,0.0
458,Compressor_transport,CZE-JPN,0.0,0.0,0.0,0.0,0.0,0.0
459,Compressor_transport,CZE-KOR,0.0,0.0,0.0,0.0,0.0,0.0
460,Compressor_transport,CZE-ROE,0.0,0.0,0.0,0.0,0.0,0.0
461,Compressor_transport,CZE-ROW,0.0,0.0,0.0,0.0,0.0,0.0
462,Compressor_transport,CZE-USA,0.0,0.0,0.0,0.0,0.0,0.0
463,Compressor_transport,DEU-AUS,0.0,0.0,0.0,0.0,0.0,0.0
464,Compressor_transport,DEU-AUT,0.0,0.0,0.0,0.0,0.0,0.0
465,Compressor_transport,DEU-BRA,0.0,0.0,0.0,0.0,0.0,0.0
466,Compressor_transport,DEU-CHN,0.0,0.0,0.0,0.0,0.0,0.0
467,Compressor_transport,DEU-CZE,0.0,0.0,0.0,0.0,0.0,0.0
468,Compressor_transport,DEU-ITA,0.0,0.0,0.0,0.0,0.0,0.0
469,Compressor_transport,DEU-JPN,0.0,0.0,0.0,0.0,0.0,0.0
470,Compressor_transport,DEU-KOR,0.0,0.0,0.0,0.0,0.0,0.0
471,Compressor_transport,DEU-ROE,0.0,0.0,0.0,0.0,0.0,0.0
472,Compressor_transport,DEU-ROW,0.0,0.0,0.0,0.0,0.0,0.0
473,Compressor_transport,DEU-USA,0.0,0.0,0.0,0.0,0.0,0.0
474,Compressor_transport,ITA-AUS,0.0,0.0,0.0,0.0,0.0,0.0
475,Compressor_transport,ITA-AUT,0.0,0.0,0.0,0.0,0.0,0.0
476,Compressor_transport,ITA-BRA,0.0,0.0,0.0,0.0,0.0,0.0
477,Compressor_transport,ITA-CHN,0.0,0.0,0.0,0.0,0.0,0.0
478,Compressor_transport,ITA-CZE,0.0,0.0,0.0,0.0,0.0,0.0
479,Compressor_transport,ITA-DEU,0.0,0.0,0.0,0.0,0.0,0.0
480,Compressor_transport,ITA-JPN,0.0,0.0,0.0,0.0,0.0,0.0
481,Compressor_transport,ITA-KOR,0.0,0.0,0.0,0.0,0.0,0.0
482,Compressor_transport,ITA-ROE,0.0,0.0,0.0,0.0,0.0,0.0
483,Compressor_transport,ITA-ROW,0.0,0.0,0.0,0.0,0.0,0.0
484,Compressor_transport,ITA-USA,0.0,0.0,0.0,0.0,0.0,0.0
485,Compressor_transport,JPN-AUS,0.0,0.0,0.0,0.0,0.0,0.0
486,Compressor_transport,JPN-AUT,0.0,0.0,0.0,0.0,0.0,0.0
487,Compressor_transport,JPN-BRA,0.0,0.0,0.0,0.0,0.0,0.0
488,Compressor_transport,JPN-CHN,0.0,0.0,0.0,0.0,0.0,0.0
489,Compressor_transport,JPN-CZE,0.0,0.0,0.0,0.0,0.0,0.0
490,Compressor_transport,JPN-DEU,0.0,0.0,0.0,0.0,0.0,0.0
491,Compressor_transport,JPN-ITA,0.0,0.0,0.0,0.0,0.0,0.0
492,Compressor_transport,JPN-KOR,0.0,0.0,0.0,0.0,0.0,0.0
493,Compressor_transport,JPN-ROE,0.0,0.0,0.0,0.0,0.0,0.0
494,Compressor_transport,JPN-ROW,0.0,0.0,0.0,0.0,0.0,0.0
495,Compressor_transport,JPN-USA,0.0,0.0,0.0,0.0,0.0,0.0
496,Compressor_transport,KOR-AUS,0.0,0.0,0.0,0.0,0.0,0.0
497,Compressor_transport,KOR-AUT,0.0,0.0,0.0,0.0,0.0,0.0
498,Compressor_transport,KOR-BRA,0.0,0.0,0.0,0.0,0.0,0.0
499,Compressor_transport,KOR-CHN,0.0,0.0,0.0,0.0,0.0,0.0
500,Compressor_transport,KOR-CZE,0.0,0.0,0.0,0.0,0.0,0.0
501,Compressor_transport,KOR-DEU,0.0,0.0,0.0,0.0,0.0,0.0
502,Compressor_transport,KOR-ITA,0.0,0.0,0.0,0.0,0.0,0.0
503,Compressor_transport,KOR-JPN,0.0,0.0,0.0,0.0,0.0,0.0
504,Compressor_transport,KOR-ROE,0.0,0.0,0.0,0.0,0.0,0.0
505,Compressor_transport,KOR-ROW,0.0,0.0,0.0,0.0,0.0,0.0
506,Compressor_transport,KOR-USA,0.0,0.0,0.0,0.0,0.0,0.0
507,Compressor_transport,ROE-AUS,0.0,0.0,0.0,0.0,0.0,0.0
508,Compressor_transport,ROE-AUT,0.0,0.0,0.0,0.0,0.0,0.0
509,Compressor_transport,ROE-BRA,0.0,0.0,0.0,0.0,0.0,0.0
510,Compressor_transport,ROE-CHN,0.0,0.0,0.0,0.0,0.0,0.0
511,Compressor_transport,ROE-CZE,0.0,0.0,0.0,0.0,0.0,0.0
512,Compressor_transport,ROE-DEU,0.0,0.0,0.0,0.0,0.0,0.0
513,Compressor_transport,ROE-ITA,0.0,0.0,0.0,0.0,0.0,0.0
514,Compressor_transport,ROE-JPN,0.0,0.0,0.0,0.0,0.0,0.0
515,Compressor_transport,ROE-KOR,0.0,0.0,0.0,0.0,0.0,0.0
516,Compressor_transport,ROE-ROW,0.0,0.0,0.0,0.0,0.0,0.0
517,Compressor_transport,ROE-USA,0.0,0.0,0.0,0.0,0.0,0.0
518,Compressor_transport,ROW-AUS,0.0,0.0,0.0,0.0,0.0,0.0
519,Compressor_transport,ROW-AUT,0.0,0.0,0.0,0.0,0.0,0.0
520,Compressor_transport,ROW-BRA,0.0,0.0,0.0,0.0,0.0,0.0
521,Compressor_transport,ROW-CHN,0.0,0.0,0.0,0.0,0.0,0.0
522,Compressor_transport,ROW-CZE,0.0,0.0,0.0,0.0,0.0,0.0
523,Compressor_transport,ROW-DEU,0.0,0.0,0.0,0.0,0.0,0.0
524,Compressor_transport,ROW-ITA,0.0,0.0,0.0,0.0,0.0,0.0
525,Compressor_transport,ROW-JPN,0.0,0.0,0.0,0.0,0.0,0.0
526,Compressor_transport,ROW-KOR,0.0,0.0,0.0,0.0,0.0,0.0
527,Compressor_transport,ROW-ROE,0.0,0.0,0.0,0.0,0.0,0.0
528,Compressor_transport,ROW-USA,0.0,0.0,0.0,0.0,0.0,0.0
529,Compressor_transport,USA-AUS,0.0,0.0,0.0,0.0,0.0,0.0
530,Compressor_transport,USA-AUT,0.0,0.0,0.0,0.0,0.0,0.0
531,Compressor_transport,USA-BRA,0.0,0.0,0.0,0.0,0.0,0.0
532,Compressor_transport,USA-CHN,0.0,0.0,0.0,0.0,0.0,0.0
533,Compressor_transport,USA-CZE,0.0,0.0,0.0,0.0,0.0,0.0
534,Compressor_transport,USA-DEU,0.0,0.0,0.0,0.0,0.0,0.0
535,Compressor_transport,USA-ITA,0.0,0.0,0.0,0.0,0.0,0.0
536,Compressor_transport,USA-JPN,0.0,0.0,0.0,0.0,0.0,0.0
537,Compressor_transport,USA-KOR,0.0,0.0,0.0,0.0,0.0,0.0
538,Compressor_transport,USA-ROE,0.0,0.0,0.0,0.0,0.0,0.0
539,Compressor_transport,USA-ROW,0.0,0.0,0.0,0.0,0.0,0.0
540,Copper_ore_transport,AUS-AUT,0.0,0.0,0.0,0.0,0.0,0.0
541,Copper_ore_transport,AUS-BRA,0.0,0.0,0.0,0.0,0.0,0.0
542,Copper_ore_transport,AUS-CHN,0.0,0.0,0.0,0.0,0.0,0.0
543,Copper_ore_transport,AUS-CZE,0.0,0.0,0.0,0.0,0.0,0.0
544,Copper_ore_transport,AUS-DEU,0.0,0.0,0.0,0.0,0.0,0.0
545,Copper_ore_transport,AUS-ITA,0.0,0.0,0.0,0.0,0.0,0.0
546,Copper_ore_transport,AUS-JPN,0.0,0.0,0.0,0.0,0.0,0.0
547,Copper_ore_transport,AUS-KOR,0.0,0.0,0.0,0.0,0.0,0.0
548,Copper_ore_transport,AUS-ROE,0.0,0.0,0.0,0.0,0.0,0.0
549,Copper_ore_transport,AUS-ROW,0.0,0.0,0.0,0.0,0.0,0.0
550,Copper_ore_transport,AUS-USA,0.0,0.0,0.0,0.0,0.0,0.0
551,Copper_ore_transport,AUT-AUS,0.0,0.0,0.0,0.0,0.0,0.0
552,Copper_ore_transport,AUT-BRA,0.0,0.0,0.0,0.0,0.0,0.0
553,Copper_ore_transport,AUT-CHN,0.0,0.0,0.0,0.0,0.0,0.0
554,Copper_ore_transport,AUT-CZE,0.0,0.0,0.0,0.0,0.0,0.0
555,Copper_ore_transport,AUT-DEU,0.0,0.0,0.0,0.0,0.0,0.0
556,Copper_ore_transport,AUT-ITA,0.0,0.0,0.0,0.0,0.0,0.0
557,Copper_ore_transport,AUT-JPN,0.0,0.0,0.0,0.0,0.0,0.0
558,Copper_ore_transport,AUT-KOR,0.0,0.0,0.0,0.0,0.0,0.0
559,Copper_ore_transport,AUT-ROE,0.0,0.0,0.0,0.0,0.0,0.0
560,Copper_ore_transport,AUT-ROW,0.0,0.0,0.0,0.0,0.0,0.0
561,Copper_ore_transport,AUT-USA,0.0,0.0,0.0,0.0,0.0,0.0
562,Copper_ore_transport,BRA-AUS,0.0,0.0,0.0,0.0,0.0,0.0
563,Copper_ore_transport,BRA-AUT,0.0,0.0,0.0,0.0,0.0,0.0
564,Copper_ore_transport,BRA-CHN,0.0,0.0,0.0,0.0,0.0,0.0
565,Copper_ore_transport,BRA-CZE,0.0,0.0,0.0,0.0,0.0,0.0
566,Copper_ore_transport,BRA-DEU,0.0,0.0,0.0,0.0,0.0,0.0
567,Copper_ore_transport,BRA-ITA,0.0,0.0,0.0,0.0,0.0,0.0
568,Copper_ore_transport,BRA-JPN,0.0,0.0,0.0,0.0,0.0,0.0
569,Copper_ore_transport,BRA-KOR,0.0,0.0,0.0,0.0,0.0,0.0
570,Copper_ore_transport,BRA-ROE,0.0,0.0,0.0,0.0,0.0,0.0
571,Copper_ore_transport,BRA-ROW,0.0,0.0,0.0,0.0,0.0,0.0
572,Copper_ore_transport,BRA-USA,0.0,0.0,0.0,0.0,0.0,0.0
573,Copper_ore_transport,CHN-AUS,0.0,0.0,0.0,0.0,0.0,0.0
574,Copper_ore_transport,CHN-AUT,0.0,0.0,0.0,0.0,0.0,0.0
575,Copper_ore_transport,CHN-BRA,0.0,0.0,0.0,0.0,0.0,0.0
576,Copper_ore_transport,CHN-CZE,0.0,0.0,0.0,0.0,0.0,0.0
577,Copper_ore_transport,CHN-DEU,0.0,0.0,0.0,0.0,0.0,0.0
578,Copper_ore_transport,CHN-ITA,0.0,0.0,0.0,0.0,0.0,0.0
579,Copper_ore_transport,CHN-JPN,0.0,0.0,0.0,0.0,0.0,0.0
580,Copper_ore_transport,CHN-KOR,0.0,0.0,0.0,0.0,0.0,0.0
581,Copper_ore_transport,CHN-ROE,0.0,0.0,0.0,0.0,0.0,0.0
582,Copper_ore_transport,CHN-ROW,0.0,0.0,0.0,0.0,0.0,0.0
583,Copper_ore_transport,CHN-USA,0.0,0.0,0.0,0.0,0.0,0.0
584,Copper_ore_transport,CZE-AUS,0.0,0.0,0.0,0.0,0.0,0.0
585,Copper_ore_transport,CZE-AUT,0.0,0.0,0.0,0.0,0.0,0.0
586,Copper_ore_transport,CZE-BRA,0.0,0.0,0.0,0.0,0.0,0.0
587,Copper_ore_transport,CZE-CHN,0.0,0.0,0.0,0.0,0.0,0.0
588,Copper_ore_transport,CZE-DEU,0.0,0.0,0.0,0.0,0.0,0.0
589,Copper_ore_transport,CZE-ITA,0.0,0.0,0.0,0.0,0.0,0.0
590,Copper_ore_transport,CZE-JPN,0.0,0.0,0.0,0.0,0.0,0.0
591,Copper_ore_transport,CZE-KOR,0.0,0.0,0.0,0.0,0.0,0.0
592,Copper_ore_transport,CZE-ROE,0.0,0.0,0.0,0.0,0.0,0.0
593,Copper_ore_transport,CZE-ROW,0.0,0.0,0.0,0.0,0.0,0.0
594,Copper_ore_transport,CZE-USA,0.0,0.0,0.0,0.0,0.0,0.0
595,Copper_ore_transport,DEU-AUS,0.0,0.0,0.0,0.0,0.0,0.0
596,Copper_ore_transport,DEU-AUT,0.0,0.0,0.0,0.0,0.0,0.0
597,Copper_ore_transport,DEU-BRA,0.0,0.0,0.0,0.0,0.0,0.0
598,Copper_ore_transport,DEU-CHN,0.0,0.0,0.0,0.0,0.0,0.0
599,Copper_ore_transport,DEU-CZE,0.0,0.0,0.0,0.0,0.0,0.0
600,Copper_ore_transport,DEU-ITA,0.0,0.0,0.0,0.0,0.0,0.0
601,Copper_ore_transport,DEU-JPN,0.0,0.0,0.0,0.0,0.0,0.0
602,Copper_ore_transport,DEU-KOR,0.0,0.0,0.0,0.0,0.0,0.0
603,Copper_ore_transport,DEU-ROE,0.0,0.0,0.0,0.0,0.0,0.0
604,Copper_ore_transport,DEU-ROW,0.0,0.0,0.0,0.0,0.0,0.0
605,Copper_ore_transport,DEU-USA,0.0,0.0,0.0,0.0,0.0,0.0
606,Copper_ore_transport,ITA-AUS,0.0,0.0,0.0,0.0,0.0,0.0
607,Copper_ore_transport,ITA-AUT,0.0,0.0,0.0,0.0,0.0,0.0
608,Copper_ore_transport,ITA-BRA,0.0,0.0,0.0,0.0,0.0,0.0
609,Copper_ore_transport,ITA-CHN,0.0,0.0,0.0,0.0,0.0,0.0
610,Copper_ore_transport,ITA-CZE,0.0,0.0,0.0,0.0,0.0,0.0
611,Copper_ore_transport,ITA-DEU,0.0,0.0,0.0,0.0,0.0,0.0
612,Copper_ore_transport,ITA-JPN,0.0,0.0,0.0,0.0,0.0,0.0
613,Copper_ore_transport,ITA-KOR,0.0,0.0,0.0,0.0,0.0,0.0
614,Copper_ore_transport,ITA-ROE,0.0,0.0,0.0,0.0,0.0,0.0
615,Copper_ore_transport,ITA-ROW,0.0,0.0,0.0,0.0,0.0,0.0
616,Copper_ore_transport,ITA-USA,0.0,0.0,0.0,0.0,0.0,0.0
617,Copper_ore_transport,JPN-AUS,0.0,0.0,0.0,0.0,0.0,0.0
618,Copper_ore_transport,JPN-AUT,0.0,0.0,0.0,0.0,0.0,0.0
619,Copper_ore_transport,JPN-BRA,0.0,0.0,0.0,0.0,0.0,0.0
620,Copper_ore_transport,JPN-CHN,0.0,0.0,0.0,0.0,0.0,0.0
621,Copper_ore_transport,JPN-CZE,0.0,0.0,0.0,0.0,0.0,0.0
622,Copper_ore_transport,JPN-DEU,0.0,0.0,0.0,0.0,0.0,0.0
623,Copper_ore_transport,JPN-ITA,0.0,0.0,0.0,0.0,0.0,0.0
624,Copper_ore_transport,JPN-KOR,0.0,0.0,0.0,0.0,0.0,0.0
625,Copper_ore_transport,JPN-ROE,0.0,0.0,0.0,0.0,0.0,0.0
626,Copper_ore_transport,JPN-ROW,0.0,0.0,0.0,0.0,0.0,0.0
627,Copper_ore_transport,JPN-USA,0.0,0.0,0.0,0.0,0.0,0.0
628,Copper_ore_transport,KOR-AUS,0.0,0.0,0.0,0.0,0.0,0.0
629,Copper_ore_transport,KOR-AUT,0.0,0.0,0.0,0.0,0.0,0.0
630,Copper_ore_transport,KOR-BRA,0.0,0.0,0.0,0.0,0.0,0.0
631,Copper_ore_transport,KOR-CHN,0.0,0.0,0.0,0.0,0.0,0.0
632,Copper_ore_transport,KOR-CZE,0.0,0.0,0.0,0.0,0.0,0.0
633,Copper_ore_transport,KOR-DEU,0.0,0.0,0.0,0.0,0.0,0.0
634,Copper_ore_transport,KOR-ITA,0.0,0.0,0.0,0.0,0.0,0.0
635,Copper_ore_transport,KOR-JPN,0.0,0.0,0.0,0.0,0.0,0.0
636,Copper_ore_transport,KOR-ROE,0.0,0.0,0.0,0.0,0.0,0.0
637,Copper_ore_transport,KOR-ROW,0.0,0.0,0.0,0.0,0.0,0.0
638,Copper_ore_transport,KOR-USA,0.0,0.0,0.0,0.0,0.0,0.0
639,Copper_ore_transport,ROE-AUS,0.0,0.0,0.0,0.0,0.0,0.0
640,Copper_ore_transport,ROE-AUT,0.0,0.0,0.0,0.0,0.0,0.0
641,Copper_ore_transport,ROE-BRA,0.0,0.0,0.0,0.0,0.0,0.0
642,Copper_ore_transport,ROE-CHN,0.0,0.0,0.0,0.0,0.0,0.0
643,Copper_ore_transport,ROE-CZE,0.0,0.0,0.0,0.0,0.0,0.0
644,Copper_ore_transport,ROE-DEU,0.0,0.0,0.0,0.0,0.0,0.0
645,Copper_ore_transport,ROE-ITA,0.0,0.0,0.0,0.0,0.0,0.0
646,Copper_ore_transport,ROE-JPN,0.0,0.0,0.0,0.0,0.0,0.0
647,Copper_ore_transport,ROE-KOR,0.0,0.0,0.0,0.0,0.0,0.0
648,Copper_ore_transport,ROE-ROW,0.0,0.0,0.0,0.0,0.0,0.0
649,Copper_ore_transport,ROE-USA,0.0,0.0,0.0,0.0,0.0,0.0
650,Copper_ore_transport,ROW-AUS,0.0,0.0,0.0,0.0,0.0,0.0
651,Copper_ore_transport,ROW-AUT,0.0,0.0,0.0,0.0,0.0,0.0
652,Copper_ore_transport,ROW-BRA,0.0,0.0,0.0,0.0,0.0,0.0
653,Copper_ore_transport,ROW-CHN,0.0,0.0,0.0,0.0,0.0,0.0
654,Copper_ore_transport,ROW-CZE,0.0,0.0,0.0,0.0,0.0,0.0
655,Copper_ore_transport,ROW-DEU,0.0,0.0,0.0,0.0,0.0,0.0
656,Copper_ore_transport,ROW-ITA,0.0,0.0,0.0,0.0,0.0,0.0
657,Copper_ore_transport,ROW-JPN,0.0,0.0,0.0,0.0,0.0,0.0
658,Copper_ore_transport,ROW-KOR,0.0,0.0,0.0,0.0,0.0,0.0
659,Copper_ore_transport,ROW-ROE,0.0,0.0,0.0,0.0,0.0,0.0
660,Copper_ore_transport,ROW-USA,0.0,0.0,0.0,0.0,0.0,0.0
661,Copper_ore_transport,USA-AUS,0.0,0.0,0.0,0.0,0.0,0.0
662,Copper_ore_transport,USA-AUT,0.0,0.0,0.0,0.0,0.0,0.0
663,Copper_ore_transport,USA-BRA,0.0,0.0,0.0,0.0,0.0,0.0
664,Copper_ore_transport,USA-CHN,0.0,0.0,0.0,0.0,0.0,0.0
665,Copper_ore_transport,USA-CZE,0.0,0.0,0.0,0.0,0.0,0.0
666,Copper_ore_transport,USA-DEU,0.0,0.0,0.0,0.0,0.0,0.0
667,Copper_ore_transport,USA-ITA,0.0,0.0,0.0,0.0,0.0,0.0
668,Copper_ore_transport,USA-JPN,0.0,0.0,0.0,0.0,0.0,0.0
669,Copper_ore_transport,USA-KOR,0.0,0.0,0.0,0.0,0.0,0.0
670,Copper_ore_transport,USA-ROE,0.0,0.0,0.0,0.0,0.0,0.0
671,Copper_ore_transport,USA-ROW,0.0,0.0,0.0,0.0,0.0,0.0
672,Copper_transport,AUS-AUT,0.0,0.0,0.0,0.0,0.0,0.0
673,Copper_transport,AUS-BRA,0.0,0.0,0.0,0.0,0.0,0.0
674,Copper_transport,AUS-CHN,0.0,0.0,0.0,0.0,0.0,0.0
675,Copper_transport,AUS-CZE,0.0,0.0,0.0,0.0,0.0,0.0
676,Copper_transport,AUS-DEU,0.0,0.0,0.0,0.0,0.0,0.0
677,Copper_transport,AUS-ITA,0.0,0.0,0.0,0.0,0.0,0.0
678,Copper_transport,AUS-JPN,0.0,0.0,0.0,0.0,0.0,0.0
679,Copper_transport,AUS-KOR,0.0,0.0,0.0,0.0,0.0,0.0
680,Copper_transport,AUS-ROE,0.0,0.0,0.0,0.0,0.0,0.0
681,Copper_transport,AUS-ROW,0.0,0.0,0.0,0.0,0.0,0.0
682,Copper_transport,AUS-USA,0.0,0.0,0.0,0.0,0.0,0.0
683,Copper_transport,AUT-AUS,0.0,0.0,0.0,0.0,0.0,0.0
684,Copper_transport,AUT-BRA,0.0,0.0,0.0,0.0,0.0,0.0
685,Copper_transport,AUT-CHN,0.0,0.0,0.0,0.0,0.0,0.0
686,Copper_transport,AUT-CZE,0.0,0.0,0.0,0.0,0.0,0.0
687,Copper_transport,AUT-DEU,0.0,0.0,0.0,0.0,0.0,0.0
688,Copper_transport,AUT-ITA,0.0,0.0,0.0,0.0,0.0,0.0
689,Copper_transport,AUT-JPN,0.0,0.0,0.0,0.0,0.0,0.0
690,Copper_transport,AUT-KOR,0.0,0.0,0.0,0.0,0.0,0.0
691,Copper_transport,AUT-ROE,0.0,0.0,0.0,0.0,0.0,0.0
692,Copper_transport,AUT-ROW,0.0,0.0,0.0,0.0,0.0,0.0
693,Copper_transport,AUT-USA,0.0,0.0,0.0,0.0,0.0,0.0
694,Copper_transport,BRA-AUS,0.0,0.0,0.0,0.0,0.0,0.0
695,Copper_transport,BRA-AUT,0.0,0.0,0.0,0.0,0.0,0.0
696,Copper_transport,BRA-CHN,0.0,0.0,0.0,0.0,0.0,0.0
697,Copper_transport,BRA-CZE,0.0,0.0,0.0,0.0,0.0,0.0
698,Copper_transport,BRA-DEU,0.0,0.0,0.0,0.0,0.0,0.0
699,Copper_transport,BRA-ITA,0.0,0.0,0.0,0.0,0.0,0.0
700,Copper_transport,BRA-JPN,0.0,0.0,0.0,0.0,0.0,0.0
701,Copper_transport,BRA-KOR,0.0,0.0,0.0,0.0,0.0,0.0
702,Copper_transport,BRA-ROE,0.0,0.0,0.0,0.0,0.0,0.0
703,Copper_transport,BRA-ROW,0.0,0.0,0.0,0.0,0.0,0.0
704,Copper_transport,BRA-USA,0.0,0.0,0.0,0.0,0.0,0.0
705,Copper_transport,CHN-AUS,0.0,0.0,0.0,0.0,0.0,0.0
706,Copper_transport,CHN-AUT,0.0,0.0,0.0,0.0,0.0,0.0
707,Copper_transport,CHN-BRA,0.0,0.0,0.0,0.0,0.0,0.0
708,Copper_transport,CHN-CZE,0.0,0.0,0.0,0.0,0.0,0.0
709,Copper_transport,CHN-DEU,0.0,0.0,0.0,0.0,0.0,0.0
710,Copper_transport,CHN-ITA,0.0,0.0,0.0,0.0,0.0,0.0
711,Copper_transport,CHN-JPN,0.0,0.0,0.0,0.0,0.0,0.0
712,Copper_transport,CHN-KOR,0.0,0.0,0.0,0.0,0.0,0.0
713,Copper_transport,CHN-ROE,0.0,0.0,0.0,0.0,0.0,0.0
714,Copper_transport,CHN-ROW,0.0,0.0,0.0,0.0,0.0,0.0
715,Copper_transport,CHN-USA,0.0,0.0,0.0,0.0,0.0,0.0
716,Copper_transport,CZE-AUS,0.0,0.0,0.0,0.0,0.0,0.0
717,Copper_transport,CZE-AUT,0.0,0.0,0.0,0.0,0.0,0.0
718,Copper_transport,CZE-BRA,0.0,0.0,0.0,0.0,0.0,0.0
719,Copper_transport,CZE-CHN,0.0,0.0,0.0,0.0,0.0,0.0
720,Copper_transport,CZE-DEU,0.0,0.0,0.0,0.0,0.0,0.0
721,Copper_transport,CZE-ITA,0.0,0.0,0.0,0.0,0.0,0.0
722,Copper_transport,CZE-JPN,0.0,0.0,0.0,0.0,0.0,0.0
723,Copper_transport,CZE-KOR,0.0,0.0,0.0,0.0,0.0,0.0
724,Copper_transport,CZE-ROE,0.0,0.0,0.0,0.0,0.0,0.0
725,Copper_transport,CZE-ROW,0.0,0.0,0.0,0.0,0.0,0.0
726,Copper_transport,CZE-USA,0.0,0.0,0.0,0.0,0.0,0.0
727,Copper_transport,DEU-AUS,0.0,0.0,0.0,0.0,0.0,0.0
728,Copper_transport,DEU-AUT,0.0,0.0,0.0,0.0,0.0,0.0
729,Copper_transport,DEU-BRA,0.0,0.0,0.0,0.0,0.0,0.0
730,Copper_transport,DEU-CHN,0.0,0.0,0.0,0.0,0.0,0.0
731,Copper_transport,DEU-CZE,0.0,0.0,0.0,0.0,0.0,0.0
732,Copper_transport,DEU-ITA,0.0,0.0,0.0,0.0,0.0,0.0
733,Copper_transport,DEU-JPN,0.0,0.0,0.0,0.0,0.0,0.0
734,Copper_transport,DEU-KOR,0.0,0.0,0.0,0.0,0.0,0.0
735,Copper_transport,DEU-ROE,0.0,0.0,0.0,0.0,0.0,0.0
736,Copper_transport,DEU-ROW,0.0,0.0,0.0,0.0,0.0,0.0
737,Copper_transport,DEU-USA,0.0,0.0,0.0,0.0,0.0,0.0
738,Copper_transport,ITA-AUS,0.0,0.0,0.0,0.0,0.0,0.0
739,Copper_transport,ITA-AUT,0.0,0.0,0.0,0.0,0.0,0.0
740,Copper_transport,ITA-BRA,0.0,0.0,0.0,0.0,0.0,0.0
741,Copper_transport,ITA-CHN,0.0,0.0,0.0,0.0,0.0,0.0
742,Copper_transport,ITA-CZE,0.0,0.0,0.0,0.0,0.0,0.0
743,Copper_transport,ITA-DEU,0.0,0.0,0.0,0.0,0.0,0.0
744,Copper_transport,ITA-JPN,0.0,0.0,0.0,0.0,0.0,0.0
745,Copper_transport,ITA-KOR,0.0,0.0,0.0,0.0,0.0,0.0
746,Copper_transport,ITA-ROE,0.0,0.0,0.0,0.0,0.0,0.0
747,Copper_transport,ITA-ROW,0.0,0.0,0.0,0.0,0.0,0.0
748,Copper_transport,ITA-USA,0.0,0.0,0.0,0.0,0.0,0.0
749,Copper_transport,JPN-AUS,0.0,0.0,0.0,0.0,0.0,0.0
750,Copper_transport,JPN-AUT,0.0,0.0,0.0,0.0,0.0,0.0
751,Copper_transport,JPN-BRA,0.0,0.0,0.0,0.0,0.0,0.0
752,Copper_transport,JPN-CHN,0.0,0.0,0.0,0.0,0.0,0.0
753,Copper_transport,JPN-CZE,0.0,0.0,0.0,0.0,0.0,0.0
754,Copper_transport,JPN-DEU,0.0,0.0,0.0,0.0,0.0,0.0
755,Copper_transport,JPN-ITA,0.0,0.0,0.0,0.0,0.0,0.0
756,Copper_transport,JPN-KOR,0.0,0.0,0.0,0.0,0.0,0.0
757,Copper_transport,JPN-ROE,0.0,0.0,0.0,0.0,0.0,0.0
758,Copper_transport,JPN-ROW,0.0,0.0,0.0,0.0,0.0,0.0
759,Copper_transport,JPN-USA,0.0,0.0,0.0,0.0,0.0,0.0
760,Copper_transport,KOR-AUS,0.0,0.0,0.0,0.0,0.0,0.0
761,Copper_transport,KOR-AUT,0.0,0.0,0.0,0.0,0.0,0.0
762,Copper_transport,KOR-BRA,0.0,0.0,0.0,0.0,0.0,0.0
763,Copper_transport,KOR-CHN,0.0,0.0,0.0,0.0,0.0,0.0
764,Copper_transport,KOR-CZE,0.0,0.0,0.0,0.0,0.0,0.0
765,Copper_transport,KOR-DEU,0.0,0.0,0.0,0.0,0.0,0.0
766,Copper_transport,KOR-ITA,0.0,0.0,0.0,0.0,0.0,0.0
767,Copper_transport,KOR-JPN,0.0,0.0,0.0,0.0,0.0,0.0
768,Copper_transport,KOR-ROE,0.0,0.0,0.0,0.0,0.0,0.0
769,Copper_transport,KOR-ROW,0.0,0.0,0.0,0.0,0.0,0.0
770,Copper_transport,KOR-USA,0.0,0.0,0.0,0.0,0.0,0.0
771,Copper_transport,ROE-AUS,0.0,0.0,0.0,0.0,0.0,0.0
772,Copper_transport,ROE-AUT,0.0,0.0,0.0,0.0,0.0,0.0
773,Copper_transport,ROE-BRA,0.0,0.0,0.0,0.0,0.0,0.0
774,Copper_transport,ROE-CHN,0.0,0.0,0.0,0.0,0.0,0.0
775,Copper_transport,ROE-CZE,0.0,0.0,0.0,0.0,0.0,0.0
776,Copper_transport,ROE-DEU,0.0,0.0,0.0,0.0,0.0,0.0
777,Copper_transport,ROE-ITA,0.0,0.0,0.0,0.0,0.0,0.0
778,Copper_transport,ROE-JPN,0.0,0.0,0.0,0.0,0.0,0.0
779,Copper_transport,ROE-KOR,0.0,0.0,0.0,0.0,0.0,0.0
780,Copper_transport,ROE-ROW,0.0,0.0,0.0,0.0,0.0,0.0
781,Copper_transport,ROE-USA,0.0,0.0,0.0,0.0,0.0,0.0
782,Copper_transport,ROW-AUS,0.0,0.0,0.0,0.0,0.0,0.0
783,Copper_transport,ROW-AUT,0.0,0.0,0.0,0.0,0.0,0.0
784,Copper_transport,ROW-BRA,0.0,0.0,0.0,0.0,0.0,0.0
785,Copper_transport,ROW-CHN,0.0,0.0,0.0,0.0,0.0,0.0
786,Copper_transport,ROW-CZE,0.0,0.0,0.0,0.0,0.0,0.0
787,Copper_transport,ROW-DEU,0.0,0.0,0.0,0.0,0.0,0.0
788,Copper_transport,ROW-ITA,0.0,0.0,0.0,0.0,0.0,0.0
789,Copper_transport,ROW-JPN,0.0,0.0,0.0,0.0,0.0,0.0
790,Copper_transport,ROW-KOR,0.0,0.0,0.0,0.0,0.0,0.0
791,Copper_transport,ROW-ROE,0.0,0.0,0.0,0.0,0.0,0.0
792,Copper_transport,ROW-USA,0.0,0.0,0.0,0.0,0.0,0.0
793,Copper_transport,USA-AUS,0.0,0.0,0.0,0.0,0.0,0.0
794,Copper_transport,USA-AUT,0.0,0.0,0.0,0.0,0.0,0.0
795,Copper_transport,USA-BRA,0.0,0.0,0.0,0.0,0.0,0.0
796,Copper_transport,USA-CHN,0.0,0.0,0.0,0.0,0.0,0.0
797,Copper_transport,USA-CZE,0.0,0.0,0.0,0.0,0.0,0.0
798,Copper_transport,USA-DEU,0.0,0.0,0.0,0.0,0.0,0.0
799,Copper_transport,USA-ITA,0.0,0.0,0.0,0.0,0.0,0.0
800,Copper_transport,USA-JPN,0.0,0.0,0.0,0.0,0.0,0.0
801,Copper_transport,USA-KOR,0.0,0.0,0.0,0.0,0.0,0.0
802,Copper_transport,USA-ROE,0.0,0.0,0.0,0.0,0.0,0.0
803,Copper_transport,USA-ROW,0.0,0.0,0.0,0.0,0.0,0.0
804,HEX_transport,AUS-AUT,0.0,0.0,0.0,0.0,0.0,0.0
805,HEX_transport,AUS-BRA,0.0,0.0,0.0,0.0,0.0,0.0
806,HEX_transport,AUS-CHN,0.0,0.0,0.0,0.0,0.0,0.0
807,HEX_transport,AUS-CZE,0.0,0.0,0.0,0.0,0.0,0.0
808,HEX_transport,AUS-DEU,0.0,0.0,0.0,0.0,0.0,0.0
809,HEX_transport,AUS-ITA,0.0,0.0,0.0,0.0,0.0,0.0
810,HEX_transport,AUS-JPN,0.0,0.0,0.0,0.0,0.0,0.0
811,HEX_transport,AUS-KOR,0.0,0.0,0.0,0.0,0.0,0.0
812,HEX_transport,AUS-ROE,0.0,0.0,0.0,0.0,0.0,0.0
813,HEX_transport,AUS-ROW,0.0,0.0,0.0,0.0,0.0,0.0
814,HEX_transport,AUS-USA,0.0,0.0,0.0,0.0,0.0,0.0
815,HEX_transport,AUT-AUS,0.0,0.0,0.0,0.0,0.0,0.0
816,HEX_transport,AUT-BRA,0.0,0.0,0.0,0.0,0.0,0.0
817,HEX_transport,AUT-CHN,0.0,0.0,0.0,0.0,0.0,0.0
818,HEX_transport,AUT-CZE,0.0,0.0,0.0,0.0,0.0,0.0
819,HEX_transport,AUT-DEU,0.0,0.0,0.0,0.0,0.0,0.0
820,HEX_transport,AUT-ITA,0.0,0.0,0.0,0.0,0.0,0.0
821,HEX_transport,AUT-JPN,0.0,0.0,0.0,0.0,0.0,0.0
822,HEX_transport,AUT-KOR,0.0,0.0,0.0,0.0,0.0,0.0
823,HEX_transport,AUT-ROE,0.0,0.0,0.0,0.0,0.0,0.0
824,HEX_transport,AUT-ROW,0.0,0.0,0.0,0.0,0.0,0.0
825,HEX_transport,AUT-USA,0.0,0.0,0.0,0.0,0.0,0.0
826,HEX_transport,BRA-AUS,0.0,0.0,0.0,0.0,0.0,0.0
827,HEX_transport,BRA-AUT,0.0,0.0,0.0,0.0,0.0,0.0
828,HEX_transport,BRA-CHN,0.0,0.0,0.0,0.0,0.0,0.0
829,HEX_transport,BRA-CZE,0.0,0.0,0.0,0.0,0.0,0.0
830,HEX_transport,BRA-DEU,0.0,0.0,0.0,0.0,0.0,0.0
831,HEX_transport,BRA-ITA,0.0,0.0,0.0,0.0,0.0,0.0
832,HEX_transport,BRA-JPN,0.0,0.0,0.0,0.0,0.0,0.0
833,HEX_transport,BRA-KOR,0.0,0.0,0.0,0.0,0.0,0.0
834,HEX_transport,BRA-ROE,0.0,0.0,0.0,0.0,0.0,0.0
835,HEX_transport,BRA-ROW,0.0,0.0,0.0,0.0,0.0,0.0
836,HEX_transport,BRA-USA,0.0,0.0,0.0,0.0,0.0,0.0
837,HEX_transport,CHN-AUS,0.0,0.0,0.0,0.0,0.0,0.0
838,HEX_transport,CHN-AUT,0.0,0.0,0.0,0.0,0.0,0.0
839,HEX_transport,CHN-BRA,0.0,0.0,0.0,0.0,0.0,0.0
840,HEX_transport,CHN-CZE,0.0,0.0,0.0,0.0,0.0,0.0
841,HEX_transport,CHN-DEU,0.0,0.0,0.0,0.0,0.0,0.0
842,HEX_transport,CHN-ITA,0.0,0.0,0.0,0.0,0.0,0.0
843,HEX_transport,CHN-JPN,0.0,0.0,0.0,0.0,0.0,0.0
844,HEX_transport,CHN-KOR,0.0,0.0,0.0,0.0,0.0,0.0
845,HEX_transport,CHN-ROE,0.0,0.0,0.0,0.0,0.0,0.0
846,HEX_transport,CHN-ROW,0.0,0.0,0.0,0.0,0.0,0.0
847,HEX_transport,CHN-USA,0.0,0.0,0.0,0.0,0.0,0.0
848,HEX_transport,CZE-AUS,0.0,0.0,0.0,0.0,0.0,0.0
849,HEX_transport,CZE-AUT,0.0,0.0,0.0,0.0,0.0,0.0
850,HEX_transport,CZE-BRA,0.0,0.0,0.0,0.0,0.0,0.0
851,HEX_transport,CZE-CHN,0.0,0.0,0.0,0.0,0.0,0.0
852,HEX_transport,CZE-DEU,0.0,0.0,0.0,0.0,0.0,0.0
853,HEX_transport,CZE-ITA,0.0,0.0,0.0,0.0,0.0,0.0
854,HEX_transport,CZE-JPN,0.0,0.0,0.0,0.0,0.0,0.0
855,HEX_transport,CZE-KOR,0.0,0.0,0.0,0.0,0.0,0.0
856,HEX_transport,CZE-ROE,0.0,0.0,0.0,0.0,0.0,0.0
857,HEX_transport,CZE-ROW,0.0,0.0,0.0,0.0,0.0,0.0
858,HEX_transport,CZE-USA,0.0,0.0,0.0,0.0,0.0,0.0
859,HEX_transport,DEU-AUS,0.0,0.0,0.0,0.0,0.0,0.0
860,HEX_transport,DEU-AUT,0.0,0.0,0.0,0.0,0.0,0.0
861,HEX_transport,DEU-BRA,0.0,0.0,0.0,0.0,0.0,0.0
862,HEX_transport,DEU-CHN,0.0,0.0,0.0,0.0,0.0,0.0
863,HEX_transport,DEU-CZE,0.0,0.0,0.0,0.0,0.0,0.0
864,HEX_transport,DEU-ITA,0.0,0.0,0.0,0.0,0.0,0.0
865,HEX_transport,DEU-JPN,0.0,0.0,0.0,0.0,0.0,0.0
866,HEX_transport,DEU-KOR,0.0,0.0,0.0,0.0,0.0,0.0
867,HEX_transport,DEU-ROE,0.0,0.0,0.0,0.0,0.0,0.0
868,HEX_transport,DEU-ROW,0.0,0.0,0.0,0.0,0.0,0.0
869,HEX_transport,DEU-USA,0.0,0.0,0.0,0.0,0.0,0.0
870,HEX_transport,ITA-AUS,0.0,0.0,0.0,0.0,0.0,0.0
871,HEX_transport,ITA-AUT,0.0,0.0,0.0,0.0,0.0,0.0
872,HEX_transport,ITA-BRA,0.0,0.0,0.0,0.0,0.0,0.0
873,HEX_transport,ITA-CHN,0.0,0.0,0.0,0.0,0.0,0.0
874,HEX_transport,ITA-CZE,0.0,0.0,0.0,0.0,0.0,0.0
875,HEX_transport,ITA-DEU,0.0,0.0,0.0,0.0,0.0,0.0
876,HEX_transport,ITA-JPN,0.0,0.0,0.0,0.0,0.0,0.0
877,HEX_transport,ITA-KOR,0.0,0.0,0.0,0.0,0.0,0.0
878,HEX_transport,ITA-ROE,0.0,0.0,0.0,0.0,0.0,0.0
879,HEX_transport,ITA-ROW,0.0,0.0,0.0,0.0,0.0,0.0
880,HEX_transport,ITA-USA,0.0,0.0,0.0,0.0,0.0,0.0
881,HEX_transport,JPN-AUS,0.0,0.0,0.0,0.0,0.0,0.0
882,HEX_transport,JPN-AUT,0.0,0.0,0.0,0.0,0.0,0.0
883,HEX_transport,JPN-BRA,0.0,0.0,0.0,0.0,0.0,0.0
884,HEX_transport,JPN-CHN,0.0,0.0,0.0,0.0,0.0,0.0
885,HEX_transport,JPN-CZE,0.0,0.0,0.0,0.0,0.0,0.0
886,HEX_transport,JPN-DEU,0.0,0.0,0.0,0.0,0.0,0.0
887,HEX_transport,JPN-ITA,0.0,0.0,0.0,0.0,0.0,0.0
888,HEX_transport,JPN-KOR,0.0,0.0,0.0,0.0,0.0,0.0
889,HEX_transport,JPN-ROE,0.0,0.0,0.0,0.0,0.0,0.0
890,HEX_transport,JPN-ROW,0.0,0.0,0.0,0.0,0.0,0.0
891,HEX_transport,JPN-USA,0.0,0.0,0.0,0.0,0.0,0.0
892,HEX_transport,KOR-AUS,0.0,0.0,0.0,0.0,0.0,0.0
893,HEX_transport,KOR-AUT,0.0,0.0,0.0,0.0,0.0,0.0
894,HEX_transport,KOR-BRA,0.0,0.0,0.0,0.0,0.0,0.0
895,HEX_transport,KOR-CHN,0.0,0.0,0.0,0.0,0.0,0.0
896,HEX_transport,KOR-CZE,0.0,0.0,0.0,0.0,0.0,0.0
897,HEX_transport,KOR-DEU,0.0,0.0,0.0,0.0,0.0,0.0
898,HEX_transport,KOR-ITA,0.0,0.0,0.0,0.0,0.0,0.0
899,HEX_transport,KOR-JPN,0.0,0.0,0.0,0.0,0.0,0.0
900,HEX_transport,KOR-ROE,0.0,0.0,0.0,0.0,0.0,0.0
901,HEX_transport,KOR-ROW,0.0,0.0,0.0,0.0,0.0,0.0
902,HEX_transport,KOR-USA,0.0,0.0,0.0,0.0,0.0,0.0
903,HEX_transport,ROE-AUS,0.0,0.0,0.0,0.0,0.0,0.0
904,HEX_transport,ROE-AUT,0.0,0.0,0.0,0.0,0.0,0.0
905,HEX_transport,ROE-BRA,0.0,0.0,0.0,0.0,0.0,0.0
906,HEX_transport,ROE-CHN,0.0,0.0,0.0,0.0,0.0,0.0
907,HEX_transport,ROE-CZE,0.0,0.0,0.0,0.0,0.0,0.0
908,HEX_transport,ROE-DEU,0.0,0.0,0.0,0.0,0.0,0.0
909,HEX_transport,ROE-ITA,0.0,0.0,0.0,0.0,0.0,0.0
910,HEX_transport,ROE-JPN,0.0,0.0,0.0,0.0,0.0,0.0
911,HEX_transport,ROE-KOR,0.0,0.0,0.0,0.0,0.0,0.0
912,HEX_transport,ROE-ROW,0.0,0.0,0.0,0.0,0.0,0.0
913,HEX_transport,ROE-USA,0.0,0.0,0.0,0.0,0.0,0.0
914,HEX_transport,ROW-AUS,0.0,0.0,0.0,0.0,0.0,0.0
915,HEX_transport,ROW-AUT,0.0,0.0,0.0,0.0,0.0,0.0
916,HEX_transport,ROW-BRA,0.0,0.0,0.0,0.0,0.0,0.0
917,HEX_transport,ROW-CHN,0.0,0.0,0.0,0.0,0.0,0.0
918,HEX_transport,ROW-CZE,0.0,0.0,0.0,0.0,0.0,0.0
919,HEX_transport,ROW-DEU,0.0,0.0,0.0,0.0,0.0,0.0
920,HEX_transport,ROW-ITA,0.0,0.0,0.0,0.0,0.0,0.0
921,HEX_transport,ROW-JPN,0.0,0.0,0.0,0.0,0.0,0.0
922,HEX_transport,ROW-KOR,0.0,0.0,0.0,0.0,0.0,0.0
923,HEX_transport,ROW-ROE,0.0,0.0,0.0,0.0,0.0,0.0
924,HEX_transport,ROW-USA,0.0,0.0,0.0,0.0,0.0,0.0
925,HEX_transport,USA-AUS,0.0,0.0,0.0,0.0,0.0,0.0
926,HEX_transport,USA-AUT,0.0,0.0,0.0,0.0,0.0,0.0
927,HEX_transport,USA-BRA,0.0,0.0,0.0,0.0,0.0,0.0
928,HEX_transport,USA-CHN,0.0,0.0,0.0,0.0,0.0,0.0
929,HEX_transport,USA-CZE,0.0,0.0,0.0,0.0,0.0,0.0
930,HEX_transport,USA-DEU,0.0,0.0,0.0,0.0,0.0,0.0
931,HEX_transport,USA-ITA,0.0,0.0,0.0,0.0,0.0,0.0
932,HEX_transport,USA-JPN,0.0,0.0,0.0,0.0,0.0,0.0
933,HEX_transport,USA-KOR,0.0,0.0,0.0,0.0,0.0,0.0
934,HEX_transport,USA-ROE,0.0,0.0,0.0,0.0,0.0,0.0
935,HEX_transport,USA-ROW,0.0,0.0,0.0,0.0,0.0,0.0
936,HP_transport,AUS-AUT,0.0,0.0,0.0,0.0,0.0,0.0
937,HP_transport,AUS-BRA,0.0,0.0,0.0,0.0,0.0,0.0
938,HP_transport,AUS-CHN,0.0,0.0,0.0,0.0,0.0,0.0
939,HP_transport,AUS-CZE,0.0,0.0,0.0,0.0,0.0,0.0
940,HP_transport,AUS-DEU,0.0,0.0,0.0,0.0,0.0,0.0
941,HP_transport,AUS-ITA,0.0,0.0,0.0,0.0,0.0,0.0
942,HP_transport,AUS-JPN,0.0,0.0,0.0,0.0,0.0,0.0
943,HP_transport,AUS-KOR,0.0,0.0,0.0,0.0,0.0,0.0
944,HP_transport,AUS-ROE,0.0,0.0,0.0,0.0,0.0,0.0
945,HP_transport,AUS-ROW,0.0,0.0,0.0,0.0,0.0,0.0
946,HP_transport,AUS-USA,0.0,0.0,0.0,0.0,0.0,0.0
947,HP_transport,AUT-AUS,0.0,0.0,0.0,0.0,0.0,0.0
948,HP_transport,AUT-BRA,0.0,0.0,0.0,0.0,0.0,0.0
949,HP_transport,AUT-CHN,0.0,0.0,0.0,0.0,0.0,0.0
950,HP_transport,AUT-CZE,0.0,0.0,0.0,0.0,0.0,0.0
951,HP_transport,AUT-DEU,0.0,0.0,0.0,0.0,0.0,0.0
952,HP_transport,AUT-ITA,0.0,0.0,0.0,0.0,0.0,0.0
953,HP_transport,AUT-JPN,0.0,0.0,0.0,0.0,0.0,0.0
954,HP_transport,AUT-KOR,0.0,0.0,0.0,0.0,0.0,0.0
955,HP_transport,AUT-ROE,0.0,0.0,0.0,0.0,0.0,0.0
956,HP_transport,AUT-ROW,0.0,0.0,0.0,0.0,0.0,0.0
957,HP_transport,AUT-USA,0.0,0.0,0.0,0.0,0.0,0.0
958,HP_transport,BRA-AUS,0.0,0.0,0.0,0.0,0.0,0.0
959,HP_transport,BRA-AUT,0.0,0.0,0.0,0.0,0.0,0.0
960,HP_transport,BRA-CHN,0.0,0.0,0.0,0.0,0.0,0.0
961,HP_transport,BRA-CZE,0.0,0.0,0.0,0.0,0.0,0.0
962,HP_transport,BRA-DEU,0.0,0.0,0.0,0.0,0.0,0.0
963,HP_transport,BRA-ITA,0.0,0.0,0.0,0.0,0.0,0.0
964,HP_transport,BRA-JPN,0.0,0.0,0.0,0.0,0.0,0.0
965,HP_transport,BRA-KOR,0.0,0.0,0.0,0.0,0.0,0.0
966,HP_transport,BRA-ROE,0.0,0.0,0.0,0.0,0.0,0.0
967,HP_transport,BRA-ROW,0.0,0.0,0.0,0.0,0.0,0.0
968,HP_transport,BRA-USA,0.0,0.0,0.0,0.0,0.0,0.0
969,HP_transport,CHN-AUS,0.0,0.0,0.0,0.0,0.0,0.0
970,HP_transport,CHN-AUT,0.0,0.0,0.0,0.0,0.0,0.0
971,HP_transport,CHN-BRA,0.0,0.0,0.0,0.0,0.0,0.0
972,HP_transport,CHN-CZE,0.0,0.0,0.0,0.0,0.0,0.0
973,HP_transport,CHN-DEU,0.0,0.0,0.0,0.0,0.0,0.0
974,HP_transport,CHN-ITA,0.0,0.0,0.0,0.0,0.0,0.0
975,HP_transport,CHN-JPN,0.0,0.0,0.0,0.0,0.0,0.0
976,HP_transport,CHN-KOR,0.0,0.0,0.0,0.0,0.0,0.0
977,HP_transport,CHN-ROE,0.0,0.0,0.0,0.0,0.0,0.0
978,HP_transport,CHN-ROW,0.0,0.0,0.0,0.0,0.0,0.0
979,HP_transport,CHN-USA,0.0,0.0,0.0,0.0,0.0,0.0
980,HP_transport,CZE-AUS,0.0,0.0,0.0,0.0,0.0,0.0
981,HP_transport,CZE-AUT,0.0,0.0,0.0,0.0,0.0,0.0
982,HP_transport,CZE-BRA,0.0,0.0,0.0,0.0,0.0,0.0
983,HP_transport,CZE-CHN,0.0,0.0,0.0,0.0,0.0,0.0
984,HP_transport,CZE-DEU,0.0,0.0,0.0,0.0,0.0,0.0
985,HP_transport,CZE-ITA,0.0,0.0,0.0,0.0,0.0,0.0
986,HP_transport,CZE-JPN,0.0,0.0,0.0,0.0,0.0,0.0
987,HP_transport,CZE-KOR,0.0,0.0,0.0,0.0,0.0,0.0
988,HP_transport,CZE-ROE,0.0,0.0,0.0,0.0,0.0,0.0
989,HP_transport,CZE-ROW,0.0,0.0,0.0,0.0,0.0,0.0
990,HP_transport,CZE-USA,0.0,0.0,0.0,0.0,0.0,0.0
991,HP_transport,DEU-AUS,0.0,0.0,0.0,0.0,0.0,0.0
992,HP_transport,DEU-AUT,0.0,0.0,0.0,0.0,0.0,0.0
993,HP_transport,DEU-BRA,0.0,0.0,0.0,0.0,0.0,0.0
994,HP_transport,DEU-CHN,0.0,0.0,0.0,0.0,0.0,0.0
995,HP_transport,DEU-CZE,0.0,0.0,0.0,0.0,0.0,0.0
996,HP_transport,DEU-ITA,0.0,0.0,0.0,0.0,0.0,0.0
997,HP_transport,DEU-JPN,0.0,0.0,0.0,0.0,0.0,0.0
998,HP_transport,DEU-KOR,0.0,0.0,0.0,0.0,0.0,0.0
999,HP_transport,DEU-ROE,0.0,0.0,0.0,0.0,0.0,0.0
1000,HP_transport,DEU-ROW,0.0,0.0,0.0,0.0,0.0,0.0
1001,HP_transport,DEU-USA,0.0,0.0,0.0,0.0,0.0,0.0
1002,HP_transport,ITA-AUS,0.0,0.0,0.0,0.0,0.0,0.0
1003,HP_transport,ITA-AUT,0.0,0.0,0.0,0.0,0.0,0.0
1004,HP_transport,ITA-BRA,0.0,0.0,0.0,0.0,0.0,0.0
1005,HP_transport,ITA-CHN,0.0,0.0,0.0,0.0,0.0,0.0
1006,HP_transport,ITA-CZE,0.0,0.0,0.0,0.0,0.0,0.0
1007,HP_transport,ITA-DEU,0.0,0.0,0.0,0.0,0.0,0.0
1008,HP_transport,ITA-JPN,0.0,0.0,0.0,0.0,0.0,0.0
1009,HP_transport,ITA-KOR,0.0,0.0,0.0,0.0,0.0,0.0
1010,HP_transport,ITA-ROE,0.0,0.0,0.0,0.0,0.0,0.0
1011,HP_transport,ITA-ROW,0.0,0.0,0.0,0.0,0.0,0.0
1012,HP_transport,ITA-USA,0.0,0.0,0.0,0.0,0.0,0.0
1013,HP_transport,JPN-AUS,0.0,0.0,0.0,0.0,0.0,0.0
1014,HP_transport,JPN-AUT,0.0,0.0,0.0,0.0,0.0,0.0
1015,HP_transport,JPN-BRA,0.0,0.0,0.0,0.0,0.0,0.0
1016,HP_transport,JPN-CHN,0.0,0.0,0.0,0.0,0.0,0.0
1017,HP_transport,JPN-CZE,0.0,0.0,0.0,0.0,0.0,0.0
1018,HP_transport,JPN-DEU,0.0,0.0,0.0,0.0,0.0,0.0
1019,HP_transport,JPN-ITA,0.0,0.0,0.0,0.0,0.0,0.0
1020,HP_transport,JPN-KOR,0.0,0.0,0.0,0.0,0.0,0.0
1021,HP_transport,JPN-ROE,0.0,0.0,0.0,0.0,0.0,0.0
1022,HP_transport,JPN-ROW,0.0,0.0,0.0,0.0,0.0,0.0
1023,HP_transport,JPN-USA,0.0,0.0,0.0,0.0,0.0,0.0
1024,HP_transport,KOR-AUS,0.0,0.0,0.0,0.0,0.0,0.0
1025,HP_transport,KOR-AUT,0.0,0.0,0.0,0.0,0.0,0.0
1026,HP_transport,KOR-BRA,0.0,0.0,0.0,0.0,0.0,0.0
1027,HP_transport,KOR-CHN,0.0,0.0,0.0,0.0,0.0,0.0
1028,HP_transport,KOR-CZE,0.0,0.0,0.0,0.0,0.0,0.0
1029,HP_transport,KOR-DEU,0.0,0.0,0.0,0.0,0.0,0.0
1030,HP_transport,KOR-ITA,0.0,0.0,0.0,0.0,0.0,0.0
1031,HP_transport,KOR-JPN,0.0,0.0,0.0,0.0,0.0,0.0
1032,HP_transport,KOR-ROE,0.0,0.0,0.0,0.0,0.0,0.0
1033,HP_transport,KOR-ROW,0.0,0.0,0.0,0.0,0.0,0.0
1034,HP_transport,KOR-USA,0.0,0.0,0.0,0.0,0.0,0.0
1035,HP_transport,ROE-AUS,0.0,0.0,0.0,0.0,0.0,0.0
1036,HP_transport,ROE-AUT,0.0,0.0,0.0,0.0,0.0,0.0
1037,HP_transport,ROE-BRA,0.0,0.0,0.0,0.0,0.0,0.0
1038,HP_transport,ROE-CHN,0.0,0.0,0.0,0.0,0.0,0.0
1039,HP_transport,ROE-CZE,0.0,0.0,0.0,0.0,0.0,0.0
1040,HP_transport,ROE-DEU,0.0,0.0,0.0,0.0,0.0,0.0
1041,HP_transport,ROE-ITA,0.0,0.0,0.0,0.0,0.0,0.0
1042,HP_transport,ROE-JPN,0.0,0.0,0.0,0.0,0.0,0.0
1043,HP_transport,ROE-KOR,0.0,0.0,0.0,0.0,0.0,0.0
1044,HP_transport,ROE-ROW,0.0,0.0,0.0,0.0,0.0,0.0
1045,HP_transport,ROE-USA,0.0,0.0,0.0,0.0,0.0,0.0
1046,HP_transport,ROW-AUS,0.0,0.0,0.0,0.0,0.0,0.0
1047,HP_transport,ROW-AUT,0.0,0.0,0.0,0.0,0.0,0.0
1048,HP_transport,ROW-BRA,0.0,0.0,0.0,0.0,0.0,0.0
1049,HP_transport,ROW-CHN,0.0,0.0,0.0,0.0,0.0,0.0
1050,HP_transport,ROW-CZE,0.0,0.0,0.0,0.0,0.0,0.0
1051,HP_transport,ROW-DEU,0.0,0.0,0.0,0.0,0.0,0.0
1052,HP_transport,ROW-ITA,0.0,0.0,0.0,0.0,0.0,0.0
1053,HP_transport,ROW-JPN,0.0,0.0,0.0,0.0,0.0,0.0
1054,HP_transport,ROW-KOR,0.0,0.0,0.0,0.0,0.0,0.0
1055,HP_transport,ROW-ROE,0.0,0.0,0.0,0.0,0.0,0.0
1056,HP_transport,ROW-USA,0.0,0.0,0.0,0.0,0.0,0.0
1057,HP_transport,USA-AUS,0.0,0.0,0.0,0.0,0.0,0.0
1058,HP_transport,USA-AUT,0.0,0.0,0.0,0.0,0.0,0.0
1059,HP_transport,USA-BRA,0.0,0.0,0.0,0.0,0.0,0.0
1060,HP_transport,USA-CHN,0.0,0.0,0.0,0.0,0.0,0.0
1061,HP_transport,USA-CZE,0.0,0.0,0.0,0.0,0.0,0.0
1062,HP_transport,USA-DEU,0.0,0.0,0.0,0.0,0.0,0.0
1063,HP_transport,USA-ITA,0.0,0.0,0.0,0.0,0.0,0.0
1064,HP_transport,USA-JPN,0.0,0.0,0.0,0.0,0.0,0.0
1065,HP_transport,USA-KOR,0.0,0.0,0.0,0.0,0.0,0.0
1066,HP_transport,USA-ROE,0.0,0.0,0.0,0.0,0.0,0.0
1067,HP_transport,USA-ROW,0.0,0.0,0.0,0.0,0.0,0.0
1068,Iron_transport,AUS-AUT,0.0,0.0,0.0,0.0,0.0,0.0
1069,Iron_transport,AUS-BRA,0.0,0.0,0.0,0.0,0.0,0.0
1070,Iron_transport,AUS-CHN,0.0,0.0,0.0,0.0,0.0,0.0
1071,Iron_transport,AUS-CZE,0.0,0.0,0.0,0.0,0.0,0.0
1072,Iron_transport,AUS-DEU,0.0,0.0,0.0,0.0,0.0,0.0
1073,Iron_transport,AUS-ITA,0.0,0.0,0.0,0.0,0.0,0.0
1074,Iron_transport,AUS-JPN,0.0,0.0,0.0,0.0,0.0,0.0
1075,Iron_transport,AUS-KOR,0.0,0.0,0.0,0.0,0.0,0.0
1076,Iron_transport,AUS-ROE,0.0,0.0,0.0,0.0,0.0,0.0
1077,Iron_transport,AUS-ROW,0.0,0.0,0.0,0.0,0.0,0.0
1078,Iron_transport,AUS-USA,0.0,0.0,0.0,0.0,0.0,0.0
1079,Iron_transport,AUT-AUS,0.0,0.0,0.0,0.0,0.0,0.0
1080,Iron_transport,AUT-BRA,0.0,0.0,0.0,0.0,0.0,0.0
1081,Iron_transport,AUT-CHN,0.0,0.0,0.0,0.0,0.0,0.0
1082,Iron_transport,AUT-CZE,0.0,0.0,0.0,0.0,0.0,0.0
1083,Iron_transport,AUT-DEU,0.0,0.0,0.0,0.0,0.0,0.0
1084,Iron_transport,AUT-ITA,0.0,0.0,0.0,0.0,0.0,0.0
1085,Iron_transport,AUT-JPN,0.0,0.0,0.0,0.0,0.0,0.0
1086,Iron_transport,AUT-KOR,0.0,0.0,0.0,0.0,0.0,0.0
1087,Iron_transport,AUT-ROE,0.0,0.0,0.0,0.0,0.0,0.0
1088,Iron_transport,AUT-ROW,0.0,0.0,0.0,0.0,0.0,0.0
1089,Iron_transport,AUT-USA,0.0,0.0,0.0,0.0,0.0,0.0
1090,Iron_transport,BRA-AUS,0.0,0.0,0.0,0.0,0.0,0.0
1091,Iron_transport,BRA-AUT,0.0,0.0,0.0,0.0,0.0,0.0
1092,Iron_transport,BRA-CHN,0.0,0.0,0.0,0.0,0.0,0.0
1093,Iron_transport,BRA-CZE,0.0,0.0,0.0,0.0,0.0,0.0
1094,Iron_transport,BRA-DEU,0.0,0.0,0.0,0.0,0.0,0.0
1095,Iron_transport,BRA-ITA,0.0,0.0,0.0,0.0,0.0,0.0
1096,Iron_transport,BRA-JPN,0.0,0.0,0.0,0.0,0.0,0.0
1097,Iron_transport,BRA-KOR,0.0,0.0,0.0,0.0,0.0,0.0
1098,Iron_transport,BRA-ROE,0.0,0.0,0.0,0.0,0.0,0.0
1099,Iron_transport,BRA-ROW,0.0,0.0,0.0,0.0,0.0,0.0
1100,Iron_transport,BRA-USA,0.0,0.0,0.0,0.0,0.0,0.0
1101,Iron_transport,CHN-AUS,0.0,0.0,0.0,0.0,0.0,0.0
1102,Iron_transport,CHN-AUT,0.0,0.0,0.0,0.0,0.0,0.0
1103,Iron_transport,CHN-BRA,0.0,0.0,0.0,0.0,0.0,0.0
1104,Iron_transport,CHN-CZE,0.0,0.0,0.0,0.0,0.0,0.0
1105,Iron_transport,CHN-DEU,0.0,0.0,0.0,0.0,0.0,0.0
1106,Iron_transport,CHN-ITA,0.0,0.0,0.0,0.0,0.0,0.0
1107,Iron_transport,CHN-JPN,0.0,0.0,0.0,0.0,0.0,0.0
1108,Iron_transport,CHN-KOR,0.0,0.0,0.0,0.0,0.0,0.0
1109,Iron_transport,CHN-ROE,0.0,0.0,0.0,0.0,0.0,0.0
1110,Iron_transport,CHN-ROW,0.0,0.0,0.0,0.0,0.0,0.0
1111,Iron_transport,CHN-USA,0.0,0.0,0.0,0.0,0.0,0.0
1112,Iron_transport,CZE-AUS,0.0,0.0,0.0,0.0,0.0,0.0
1113,Iron_transport,CZE-AUT,0.0,0.0,0.0,0.0,0.0,0.0
1114,Iron_transport,CZE-BRA,0.0,0.0,0.0,0.0,0.0,0.0
1115,Iron_transport,CZE-CHN,0.0,0.0,0.0,0.0,0.0,0.0
1116,Iron_transport,CZE-DEU,0.0,0.0,0.0,0.0,0.0,0.0
1117,Iron_transport,CZE-ITA,0.0,0.0,0.0,0.0,0.0,0.0
1118,Iron_transport,CZE-JPN,0.0,0.0,0.0,0.0,0.0,0.0
1119,Iron_transport,CZE-KOR,0.0,0.0,0.0,0.0,0.0,0.0
1120,Iron_transport,CZE-ROE,0.0,0.0,0.0,0.0,0.0,0.0
1121,Iron_transport,CZE-ROW,0.0,0.0,0.0,0.0,0.0,0.0
1122,Iron_transport,CZE-USA,0.0,0.0,0.0,0.0,0.0,0.0
1123,Iron_transport,DEU-AUS,0.0,0.0,0.0,0.0,0.0,0.0
1124,Iron_transport,DEU-AUT,0.0,0.0,0.0,0.0,0.0,0.0
1125,Iron_transport,DEU-BRA,0.0,0.0,0.0,0.0,0.0,0.0
1126,Iron_transport,DEU-CHN,0.0,0.0,0.0,0.0,0.0,0.0
1127,Iron_transport,DEU-CZE,0.0,0.0,0.0,0.0,0.0,0.0
1128,Iron_transport,DEU-ITA,0.0,0.0,0.0,0.0,0.0,0.0
1129,Iron_transport,DEU-JPN,0.0,0.0,0.0,0.0,0.0,0.0
1130,Iron_transport,DEU-KOR,0.0,0.0,0.0,0.0,0.0,0.0
1131,Iron_transport,DEU-ROE,0.0,0.0,0.0,0.0,0.0,0.0
1132,Iron_transport,DEU-ROW,0.0,0.0,0.0,0.0,0.0,0.0
1133,Iron_transport,DEU-USA,0.0,0.0,0.0,0.0,0.0,0.0
1134,Iron_transport,ITA-AUS,0.0,0.0,0.0,0.0,0.0,0.0
1135,Iron_transport,ITA-AUT,0.0,0.0,0.0,0.0,0.0,0.0
1136,Iron_transport,ITA-BRA,0.0,0.0,0.0,0.0,0.0,0.0
1137,Iron_transport,ITA-CHN,0.0,0.0,0.0,0.0,0.0,0.0
1138,Iron_transport,ITA-CZE,0.0,0.0,0.0,0.0,0.0,0.0
1139,Iron_transport,ITA-DEU,0.0,0.0,0.0,0.0,0.0,0.0
1140,Iron_transport,ITA-JPN,0.0,0.0,0.0,0.0,0.0,0.0
1141,Iron_transport,ITA-KOR,0.0,0.0,0.0,0.0,0.0,0.0
1142,Iron_transport,ITA-ROE,0.0,0.0,0.0,0.0,0.0,0.0
1143,Iron_transport,ITA-ROW,0.0,0.0,0.0,0.0,0.0,0.0
1144,Iron_transport,ITA-USA,0.0,0.0,0.0,0.0,0.0,0.0
1145,Iron_transport,JPN-AUS,0.0,0.0,0.0,0.0,0.0,0.0
1146,Iron_transport,JPN-AUT,0.0,0.0,0.0,0.0,0.0,0.0
1147,Iron_transport,JPN-BRA,0.0,0.0,0.0,0.0,0.0,0.0
1148,Iron_transport,JPN-CHN,0.0,0.0,0.0,0.0,0.0,0.0
1149,Iron_transport,JPN-CZE,0.0,0.0,0.0,0.0,0.0,0.0
1150,Iron_transport,JPN-DEU,0.0,0.0,0.0,0.0,0.0,0.0
1151,Iron_transport,JPN-ITA,0.0,0.0,0.0,0.0,0.0,0.0
1152,Iron_transport,JPN-KOR,0.0,0.0,0.0,0.0,0.0,0.0
1153,Iron_transport,JPN-ROE,0.0,0.0,0.0,0.0,0.0,0.0
1154,Iron_transport,JPN-ROW,0.0,0.0,0.0,0.0,0.0,0.0
1155,Iron_transport,JPN-USA,0.0,0.0,0.0,0.0,0.0,0.0
1156,Iron_transport,KOR-AUS,0.0,0.0,0.0,0.0,0.0,0.0
1157,Iron_transport,KOR-AUT,0.0,0.0,0.0,0.0,0.0,0.0
1158,Iron_transport,KOR-BRA,0.0,0.0,0.0,0.0,0.0,0.0
1159,Iron_transport,KOR-CHN,0.0,0.0,0.0,0.0,0.0,0.0
1160,Iron_transport,KOR-CZE,0.0,0.0,0.0,0.0,0.0,0.0
1161,Iron_transport,KOR-DEU,0.0,0.0,0.0,0.0,0.0,0.0
1162,Iron_transport,KOR-ITA,0.0,0.0,0.0,0.0,0.0,0.0
1163,Iron_transport,KOR-JPN,0.0,0.0,0.0,0.0,0.0,0.0
1164,Iron_transport,KOR-ROE,0.0,0.0,0.0,0.0,0.0,0.0
1165,Iron_transport,KOR-ROW,0.0,0.0,0.0,0.0,0.0,0.0
1166,Iron_transport,KOR-USA,0.0,0.0,0.0,0.0,0.0,0.0
1167,Iron_transport,ROE-AUS,0.0,0.0,0.0,0.0,0.0,0.0
1168,Iron_transport,ROE-AUT,0.0,0.0,0.0,0.0,0.0,0.0
1169,Iron_transport,ROE-BRA,0.0,0.0,0.0,0.0,0.0,0.0
1170,Iron_transport,ROE-CHN,0.0,0.0,0.0,0.0,0.0,0.0
1171,Iron_transport,ROE-CZE,0.0,0.0,0.0,0.0,0.0,0.0
1172,Iron_transport,ROE-DEU,0.0,0.0,0.0,0.0,0.0,0.0
1173,Iron_transport,ROE-ITA,0.0,0.0,0.0,0.0,0.0,0.0
1174,Iron_transport,ROE-JPN,0.0,0.0,0.0,0.0,0.0,0.0
1175,Iron_transport,ROE-KOR,0.0,0.0,0.0,0.0,0.0,0.0
1176,Iron_transport,ROE-ROW,0.0,0.0,0.0,0.0,0.0,0.0
1177,Iron_transport,ROE-USA,0.0,0.0,0.0,0.0,0.0,0.0
1178,Iron_transport,ROW-AUS,0.0,0.0,0.0,0.0,0.0,0.0
1179,Iron_transport,ROW-AUT,0.0,0.0,0.0,0.0,0.0,0.0
1180,Iron_transport,ROW-BRA,0.0,0.0,0.0,0.0,0.0,0.0
1181,Iron_transport,ROW-CHN,0.0,0.0,0.0,0.0,0.0,0.0
1182,Iron_transport,ROW-CZE,0.0,0.0,0.0,0.0,0.0,0.0
1183,Iron_transport,ROW-DEU,0.0,0.0,0.0,0.0,0.0,0.0
1184,Iron_transport,ROW-ITA,0.0,0.0,0.0,0.0,0.0,0.0
1185,Iron_transport,ROW-JPN,0.0,0.0,0.0,0.0,0.0,0.0
1186,Iron_transport,ROW-KOR,0.0,0.0,0.0,0.0,0.0,0.0
1187,Iron_transport,ROW-ROE,0.0,0.0,0.0,0.0,0.0,0.0
1188,Iron_transport,ROW-USA,0.0,0.0,0.0,0.0,0.0,0.0
1189,Iron_transport,USA-AUS,0.0,0.0,0.0,0.0,0.0,0.0
1190,Iron_transport,USA-AUT,0.0,0.0,0.0,0.0,0.0,0.0
1191,Iron_transport,USA-BRA,0.0,0.0,0.0,0.0,0.0,0.0
1192,Iron_transport,USA-CHN,0.0,0.0,0.0,0.0,0.0,0.0
1193,Iron_transport,USA-CZE,0.0,0.0,0.0,0.0,0.0,0.0
1194,Iron_transport,USA-DEU,0.0,0.0,0.0,0.0,0.0,0.0
1195,Iron_transport,USA-ITA,0.0,0.0,0.0,0.0,0.0,0.0
1196,Iron_transport,USA-JPN,0.0,0.0,0.0,0.0,0.0,0.0
1197,Iron_transport,USA-KOR,0.0,0.0,0.0,0.0,0.0,0.0
1198,Iron_transport,USA-ROE,0.0,0.0,0.0,0.0,0.0,0.0
1199,Iron_transport,USA-ROW,0.0,0.0,0.0,0.0,0.0,0.0
1200,Nickel_transport,AUS-AUT,0.0,0.0,0.0,0.0,0.0,0.0
1201,Nickel_transport,AUS-BRA,0.0,0.0,0.0,0.0,0.0,0.0
1202,Nickel_transport,AUS-CHN,0.0,0.0,0.0,0.0,0.0,0.0
1203,Nickel_transport,AUS-CZE,0.0,0.0,0.0,0.0,0.0,0.0
1204,Nickel_transport,AUS-DEU,0.0,0.0,0.0,0.0,0.0,0.0
1205,Nickel_transport,AUS-ITA,0.0,0.0,0.0,0.0,0.0,0.0
1206,Nickel_transport,AUS-JPN,0.0,0.0,0.0,0.0,0.0,0.0
1207,Nickel_transport,AUS-KOR,0.0,0.0,0.0,0.0,0.0,0.0
1208,Nickel_transport,AUS-ROE,0.0,0.0,0.0,0.0,0.0,0.0
1209,Nickel_transport,AUS-ROW,0.0,0.0,0.0,0.0,0.0,0.0
1210,Nickel_transport,AUS-USA,0.0,0.0,0.0,0.0,0.0,0.0
1211,Nickel_transport,AUT-AUS,0.0,0.0,0.0,0.0,0.0,0.0
1212,Nickel_transport,AUT-BRA,0.0,0.0,0.0,0.0,0.0,0.0
1213,Nickel_transport,AUT-CHN,0.0,0.0,0.0,0.0,0.0,0.0
1214,Nickel_transport,AUT-CZE,0.0,0.0,0.0,0.0,0.0,0.0
1215,Nickel_transport,AUT-DEU,0.0,0.0,0.0,0.0,0.0,0.0
1216,Nickel_transport,AUT-ITA,0.0,0.0,0.0,0.0,0.0,0.0
1217,Nickel_transport,AUT-JPN,0.0,0.0,0.0,0.0,0.0,0.0
1218,Nickel_transport,AUT-KOR,0.0,0.0,0.0,0.0,0.0,0.0
1219,Nickel_transport,AUT-ROE,0.0,0.0,0.0,0.0,0.0,0.0
1220,Nickel_transport,AUT-ROW,0.0,0.0,0.0,0.0,0.0,0.0
1221,Nickel_transport,AUT-USA,0.0,0.0,0.0,0.0,0.0,0.0
1222,Nickel_transport,BRA-AUS,0.0,0.0,0.0,0.0,0.0,0.0
1223,Nickel_transport,BRA-AUT,0.0,0.0,0.0,0.0,0.0,0.0
1224,Nickel_transport,BRA-CHN,0.0,0.0,0.0,0.0,0.0,0.0
1225,Nickel_transport,BRA-CZE,0.0,0.0,0.0,0.0,0.0,0.0
1226,Nickel_transport,BRA-DEU,0.0,0.0,0.0,0.0,0.0,0.0
1227,Nickel_transport,BRA-ITA,0.0,0.0,0.0,0.0,0.0,0.0
1228,Nickel_transport,BRA-JPN,0.0,0.0,0.0,0.0,0.0,0.0
1229,Nickel_transport,BRA-KOR,0.0,0.0,0.0,0.0,0.0,0.0
1230,Nickel_transport,BRA-ROE,0.0,0.0,0.0,0.0,0.0,0.0
1231,Nickel_transport,BRA-ROW,0.0,0.0,0.0,0.0,0.0,0.0
1232,Nickel_transport,BRA-USA,0.0,0.0,0.0,0.0,0.0,0.0
1233,Nickel_transport,CHN-AUS,0.0,0.0,0.0,0.0,0.0,0.0
1234,Nickel_transport,CHN-AUT,0.0,0.0,0.0,0.0,0.0,0.0
1235,Nickel_transport,CHN-BRA,0.0,0.0,0.0,0.0,0.0,0.0
1236,Nickel_transport,CHN-CZE,0.0,0.0,0.0,0.0,0.0,0.0
1237,Nickel_transport,CHN-DEU,0.0,0.0,0.0,0.0,0.0,0.0
1238,Nickel_transport,CHN-ITA,0.0,0.0,0.0,0.0,0.0,0.0
1239,Nickel_transport,CHN-JPN,0.0,0.0,0.0,0.0,0.0,0.0
1240,Nickel_transport,CHN-KOR,0.0,0.0,0.0,0.0,0.0,0.0
1241,Nickel_transport,CHN-ROE,0.0,0.0,0.0,0.0,0.0,0.0
1242,Nickel_transport,CHN-ROW,0.0,0.0,0.0,0.0,0.0,0.0
1243,Nickel_transport,CHN-USA,0.0,0.0,0.0,0.0,0.0,0.0
1244,Nickel_transport,CZE-AUS,0.0,0.0,0.0,0.0,0.0,0.0
1245,Nickel_transport,CZE-AUT,0.0,0.0,0.0,0.0,0.0,0.0
1246,Nickel_transport,CZE-BRA,0.0,0.0,0.0,0.0,0.0,0.0
1247,Nickel_transport,CZE-CHN,0.0,0.0,0.0,0.0,0.0,0.0
1248,Nickel_transport,CZE-DEU,0.0,0.0,0.0,0.0,0.0,0.0
1249,Nickel_transport,CZE-ITA,0.0,0.0,0.0,0.0,0.0,0.0
1250,Nickel_transport,CZE-JPN,0.0,0.0,0.0,0.0,0.0,0.0
1251,Nickel_transport,CZE-KOR,0.0,0.0,0.0,0.0,0.0,0.0
1252,Nickel_transport,CZE-ROE,0.0,0.0,0.0,0.0,0.0,0.0
1253,Nickel_transport,CZE-ROW,0.0,0.0,0.0,0.0,0.0,0.0
1254,Nickel_transport,CZE-USA,0.0,0.0,0.0,0.0,0.0,0.0
1255,Nickel_transport,DEU-AUS,0.0,0.0,0.0,0.0,0.0,0.0
1256,Nickel_transport,DEU-AUT,0.0,0.0,0.0,0.0,0.0,0.0
1257,Nickel_transport,DEU-BRA,0.0,0.0,0.0,0.0,0.0,0.0
1258,Nickel_transport,DEU-CHN,0.0,0.0,0.0,0.0,0.0,0.0
1259,Nickel_transport,DEU-CZE,0.0,0.0,0.0,0.0,0.0,0.0
1260,Nickel_transport,DEU-ITA,0.0,0.0,0.0,0.0,0.0,0.0
1261,Nickel_transport,DEU-JPN,0.0,0.0,0.0,0.0,0.0,0.0
1262,Nickel_transport,DEU-KOR,0.0,0.0,0.0,0.0,0.0,0.0
1263,Nickel_transport,DEU-ROE,0.0,0.0,0.0,0.0,0.0,0.0
1264,Nickel_transport,DEU-ROW,0.0,0.0,0.0,0.0,0.0,0.0
1265,Nickel_transport,DEU-USA,0.0,0.0,0.0,0.0,0.0,0.0
1266,Nickel_transport,ITA-AUS,0.0,0.0,0.0,0.0,0.0,0.0
1267,Nickel_transport,ITA-AUT,0.0,0.0,0.0,0.0,0.0,0.0
1268,Nickel_transport,ITA-BRA,0.0,0.0,0.0,0.0,0.0,0.0
1269,Nickel_transport,ITA-CHN,0.0,0.0,0.0,0.0,0.0,0.0
1270,Nickel_transport,ITA-CZE,0.0,0.0,0.0,0.0,0.0,0.0
1271,Nickel_transport,ITA-DEU,0.0,0.0,0.0,0.0,0.0,0.0
1272,Nickel_transport,ITA-JPN,0.0,0.0,0.0,0.0,0.0,0.0
1273,Nickel_transport,ITA-KOR,0.0,0.0,0.0,0.0,0.0,0.0
1274,Nickel_transport,ITA-ROE,0.0,0.0,0.0,0.0,0.0,0.0
1275,Nickel_transport,ITA-ROW,0.0,0.0,0.0,0.0,0.0,0.0
1276,Nickel_transport,ITA-USA,0.0,0.0,0.0,0.0,0.0,0.0
1277,Nickel_transport,JPN-AUS,0.0,0.0,0.0,0.0,0.0,0.0
1278,Nickel_transport,JPN-AUT,0.0,0.0,0.0,0.0,0.0,0.0
1279,Nickel_transport,JPN-BRA,0.0,0.0,0.0,0.0,0.0,0.0
1280,Nickel_transport,JPN-CHN,0.0,0.0,0.0,0.0,0.0,0.0
1281,Nickel_transport,JPN-CZE,0.0,0.0,0.0,0.0,0.0,0.0
1282,Nickel_transport,JPN-DEU,0.0,0.0,0.0,0.0,0.0,0.0
1283,Nickel_transport,JPN-ITA,0.0,0.0,0.0,0.0,0.0,0.0
1284,Nickel_transport,JPN-KOR,0.0,0.0,0.0,0.0,0.0,0.0
1285,Nickel_transport,JPN-ROE,0.0,0.0,0.0,0.0,0.0,0.0
1286,Nickel_transport,JPN-ROW,0.0,0.0,0.0,0.0,0.0,0.0
1287,Nickel_transport,JPN-USA,0.0,0.0,0.0,0.0,0.0,0.0
1288,Nickel_transport,KOR-AUS,0.0,0.0,0.0,0.0,0.0,0.0
1289,Nickel_transport,KOR-AUT,0.0,0.0,0.0,0.0,0.0,0.0
1290,Nickel_transport,KOR-BRA,0.0,0.0,0.0,0.0,0.0,0.0
1291,Nickel_transport,KOR-CHN,0.0,0.0,0.0,0.0,0.0,0.0
1292,Nickel_transport,KOR-CZE,0.0,0.0,0.0,0.0,0.0,0.0
1293,Nickel_transport,KOR-DEU,0.0,0.0,0.0,0.0,0.0,0.0
1294,Nickel_transport,KOR-ITA,0.0,0.0,0.0,0.0,0.0,0.0
1295,Nickel_transport,KOR-JPN,0.0,0.0,0.0,0.0,0.0,0.0
1296,Nickel_transport,KOR-ROE,0.0,0.0,0.0,0.0,0.0,0.0
1297,Nickel_transport,KOR-ROW,0.0,0.0,0.0,0.0,0.0,0.0
1298,Nickel_transport,KOR-USA,0.0,0.0,0.0,0.0,0.0,0.0
1299,Nickel_transport,ROE-AUS,0.0,0.0,0.0,0.0,0.0,0.0
1300,Nickel_transport,ROE-AUT,0.0,0.0,0.0,0.0,0.0,0.0
1301,Nickel_transport,ROE-BRA,0.0,0.0,0.0,0.0,0.0,0.0
1302,Nickel_transport,ROE-CHN,0.0,0.0,0.0,0.0,0.0,0.0
1303,Nickel_transport,ROE-CZE,0.0,0.0,0.0,0.0,0.0,0.0
1304,Nickel_transport,ROE-DEU,0.0,0.0,0.0,0.0,0.0,0.0
1305,Nickel_transport,ROE-ITA,0.0,0.0,0.0,0.0,0.0,0.0
1306,Nickel_transport,ROE-JPN,0.0,0.0,0.0,0.0,0.0,0.0
1307,Nickel_transport,ROE-KOR,0.0,0.0,0.0,0.0,0.0,0.0
1308,Nickel_transport,ROE-ROW,0.0,0.0,0.0,0.0,0.0,0.0
1309,Nickel_transport,ROE-USA,0.0,0.0,0.0,0.0,0.0,0.0
1310,Nickel_transport,ROW-AUS,0.0,0.0,0.0,0.0,0.0,0.0
1311,Nickel_transport,ROW-AUT,0.0,0.0,0.0,0.0,0.0,0.0
1312,Nickel_transport,ROW-BRA,0.0,0.0,0.0,0.0,0.0,0.0
1313,Nickel_transport,ROW-CHN,0.0,0.0,0.0,0.0,0.0,0.0
1314,Nickel_transport,ROW-CZE,0.0,0.0,0.0,0.0,0.0,0.0
1315,Nickel_transport,ROW-DEU,0.0,0.0,0.0,0.0,0.0,0.0
1316,Nickel_transport,ROW-ITA,0.0,0.0,0.0,0.0,0.0,0.0
1317,Nickel_transport,ROW-JPN,0.0,0.0,0.0,0.0,0.0,0.0
1318,Nickel_transport,ROW-KOR,0.0,0.0,0.0,0.0,0.0,0.0
1319,Nickel_transport,ROW-ROE,0.0,0.0,0.0,0.0,0.0,0.0
1320,Nickel_transport,ROW-USA,0.0,0.0,0.0,0.0,0.0,0.0
1321,Nickel_transport,USA-AUS,0.0,0.0,0.0,0.0,0.0,0.0
1322,Nickel_transport,USA-AUT,0.0,0.0,0.0,0.0,0.0,0.0
1323,Nickel_transport,USA-BRA,0.0,0.0,0.0,0.0,0.0,0.0
1324,Nickel_transport,USA-CHN,0.0,0.0,0.0,0.0,0.0,0.0
1325,Nickel_transport,USA-CZE,0.0,0.0,0.0,0.0,0.0,0.0
1326,Nickel_transport,USA-DEU,0.0,0.0,0.0,0.0,0.0,0.0
1327,Nickel_transport,USA-ITA,0.0,0.0,0.0,0.0,0.0,0.0
1328,Nickel_transport,USA-JPN,0.0,0.0,0.0,0.0,0.0,0.0
1329,Nickel_transport,USA-KOR,0.0,0.0,0.0,0.0,0.0,0.0
1330,Nickel_transport,USA-ROE,0.0,0.0,0.0,0.0,0.0,0.0
1331,Nickel_transport,USA-ROW,0.0,0.0,0.0,0.0,0.0,0.0
1332,Refrigerant_transport,AUS-AUT,0.0,0.0,0.0,0.0,0.0,0.0
1333,Refrigerant_transport,AUS-BRA,0.0,0.0,0.0,0.0,0.0,0.0
1334,Refrigerant_transport,AUS-CHN,0.0,0.0,0.0,0.0,0.0,0.0
1335,Refrigerant_transport,AUS-CZE,0.0,0.0,0.0,0.0,0.0,0.0
1336,Refrigerant_transport,AUS-DEU,0.0,0.0,0.0,0.0,0.0,0.0
1337,Refrigerant_transport,AUS-ITA,0.0,0.0,0.0,0.0,0.0,0.0
1338,Refrigerant_transport,AUS-JPN,0.0,0.0,0.0,0.0,0.0,0.0
1339,Refrigerant_transport,AUS-KOR,0.0,0.0,0.0,0.0,0.0,0.0
1340,Refrigerant_transport,AUS-ROE,0.0,0.0,0.0,0.0,0.0,0.0
1341,Refrigerant_transport,AUS-ROW,0.0,0.0,0.0,0.0,0.0,0.0
1342,Refrigerant_transport,AUS-USA,0.0,0.0,0.0,0.0,0.0,0.0
1343,Refrigerant_transport,AUT-AUS,0.0,0.0,0.0,0.0,0.0,0.0
1344,Refrigerant_transport,AUT-BRA,0.0,0.0,0.0,0.0,0.0,0.0
1345,Refrigerant_transport,AUT-CHN,0.0,0.0,0.0,0.0,0.0,0.0
1346,Refrigerant_transport,AUT-CZE,0.0,0.0,0.0,0.0,0.0,0.0
1347,Refrigerant_transport,AUT-DEU,0.0,0.0,0.0,0.0,0.0,0.0
1348,Refrigerant_transport,AUT-ITA,0.0,0.0,0.0,0.0,0.0,0.0
1349,Refrigerant_transport,AUT-JPN,0.0,0.0,0.0,0.0,0.0,0.0
1350,Refrigerant_transport,AUT-KOR,0.0,0.0,0.0,0.0,0.0,0.0
1351,Refrigerant_transport,AUT-ROE,0.0,0.0,0.0,0.0,0.0,0.0
1352,Refrigerant_transport,AUT-ROW,0.0,0.0,0.0,0.0,0.0,0.0
1353,Refrigerant_transport,AUT-USA,0.0,0.0,0.0,0.0,0.0,0.0
1354,Refrigerant_transport,BRA-AUS,0.0,0.0,0.0,0.0,0.0,0.0
1355,Refrigerant_transport,BRA-AUT,0.0,0.0,0.0,0.0,0.0,0.0
1356,Refrigerant_transport,BRA-CHN,0.0,0.0,0.0,0.0,0.0,0.0
1357,Refrigerant_transport,BRA-CZE,0.0,0.0,0.0,0.0,0.0,0.0
1358,Refrigerant_transport,BRA-DEU,0.0,0.0,0.0,0.0,0.0,0.0
1359,Refrigerant_transport,BRA-ITA,0.0,0.0,0.0,0.0,0.0,0.0
1360,Refrigerant_transport,BRA-JPN,0.0,0.0,0.0,0.0,0.0,0.0
1361,Refrigerant_transport,BRA-KOR,0.0,0.0,0.0,0.0,0.0,0.0
1362,Refrigerant_transport,BRA-ROE,0.0,0.0,0.0,0.0,0.0,0.0
1363,Refrigerant_transport,BRA-ROW,0.0,0.0,0.0,0.0,0.0,0.0
1364,Refrigerant_transport,BRA-USA,0.0,0.0,0.0,0.0,0.0,0.0
1365,Refrigerant_transport,CHN-AUS,0.0,0.0,0.0,0.0,0.0,0.0
1366,Refrigerant_transport,CHN-AUT,0.0,0.0,0.0,0.0,0.0,0.0
1367,Refrigerant_transport,CHN-BRA,0.0,0.0,0.0,0.0,0.0,0.0
1368,Refrigerant_transport,CHN-CZE,0.0,0.0,0.0,0.0,0.0,0.0
1369,Refrigerant_transport,CHN-DEU,0.0,0.0,0.0,0.0,0.0,0.0
1370,Refrigerant_transport,CHN-ITA,0.0,0.0,0.0,0.0,0.0,0.0
1371,Refrigerant_transport,CHN-JPN,0.0,0.0,0.0,0.0,0.0,0.0
1372,Refrigerant_transport,CHN-KOR,0.0,0.0,0.0,0.0,0.0,0.0
1373,Refrigerant_transport,CHN-ROE,0.0,0.0,0.0,0.0,0.0,0.0
1374,Refrigerant_transport,CHN-ROW,0.0,0.0,0.0,0.0,0.0,0.0
1375,Refrigerant_transport,CHN-USA,0.0,0.0,0.0,0.0,0.0,0.0
1376,Refrigerant_transport,CZE-AUS,0.0,0.0,0.0,0.0,0.0,0.0
1377,Refrigerant_transport,CZE-AUT,0.0,0.0,0.0,0.0,0.0,0.0
1378,Refrigerant_transport,CZE-BRA,0.0,0.0,0.0,0.0,0.0,0.0
1379,Refrigerant_transport,CZE-CHN,0.0,0.0,0.0,0.0,0.0,0.0
1380,Refrigerant_transport,CZE-DEU,0.0,0.0,0.0,0.0,0.0,0.0
1381,Refrigerant_transport,CZE-ITA,0.0,0.0,0.0,0.0,0.0,0.0
1382,Refrigerant_transport,CZE-JPN,0.0,0.0,0.0,0.0,0.0,0.0
1383,Refrigerant_transport,CZE-KOR,0.0,0.0,0.0,0.0,0.0,0.0
1384,Refrigerant_transport,CZE-ROE,0.0,0.0,0.0,0.0,0.0,0.0
1385,Refrigerant_transport,CZE-ROW,0.0,0.0,0.0,0.0,0.0,0.0
1386,Refrigerant_transport,CZE-USA,0.0,0.0,0.0,0.0,0.0,0.0
1387,Refrigerant_transport,DEU-AUS,0.0,0.0,0.0,0.0,0.0,0.0
1388,Refrigerant_transport,DEU-AUT,0.0,0.0,0.0,0.0,0.0,0.0
1389,Refrigerant_transport,DEU-BRA,0.0,0.0,0.0,0.0,0.0,0.0
1390,Refrigerant_transport,DEU-CHN,0.0,0.0,0.0,0.0,0.0,0.0
1391,Refrigerant_transport,DEU-CZE,0.0,0.0,0.0,0.0,0.0,0.0
1392,Refrigerant_transport,DEU-ITA,0.0,0.0,0.0,0.0,0.0,0.0
1393,Refrigerant_transport,DEU-JPN,0.0,0.0,0.0,0.0,0.0,0.0
1394,Refrigerant_transport,DEU-KOR,0.0,0.0,0.0,0.0,0.0,0.0
1395,Refrigerant_transport,DEU-ROE,0.0,0.0,0.0,0.0,0.0,0.0
1396,Refrigerant_transport,DEU-ROW,0.0,0.0,0.0,0.0,0.0,0.0
1397,Refrigerant_transport,DEU-USA,0.0,0.0,0.0,0.0,0.0,0.0
1398,Refrigerant_transport,ITA-AUS,0.0,0.0,0.0,0.0,0.0,0.0
1399,Refrigerant_transport,ITA-AUT,0.0,0.0,0.0,0.0,0.0,0.0
1400,Refrigerant_transport,ITA-BRA,0.0,0.0,0.0,0.0,0.0,0.0
1401,Refrigerant_transport,ITA-CHN,0.0,0.0,0.0,0.0,0.0,0.0
1402,Refrigerant_transport,ITA-CZE,0.0,0.0,0.0,0.0,0.0,0.0
1403,Refrigerant_transport,ITA-DEU,0.0,0.0,0.0,0.0,0.0,0.0
1404,Refrigerant_transport,ITA-JPN,0.0,0.0,0.0,0.0,0.0,0.0
1405,Refrigerant_transport,ITA-KOR,0.0,0.0,0.0,0.0,0.0,0.0
1406,Refrigerant_transport,ITA-ROE,0.0,0.0,0.0,0.0,0.0,0.0
1407,Refrigerant_transport,ITA-ROW,0.0,0.0,0.0,0.0,0.0,0.0
1408,Refrigerant_transport,ITA-USA,0.0,0.0,0.0,0.0,0.0,0.0
1409,Refrigerant_transport,JPN-AUS,0.0,0.0,0.0,0.0,0.0,0.0
1410,Refrigerant_transport,JPN-AUT,0.0,0.0,0.0,0.0,0.0,0.0
1411,Refrigerant_transport,JPN-BRA,0.0,0.0,0.0,0.0,0.0,0.0
1412,Refrigerant_transport,JPN-CHN,0.0,0.0,0.0,0.0,0.0,0.0
1413,Refrigerant_transport,JPN-CZE,0.0,0.0,0.0,0.0,0.0,0.0
1414,Refrigerant_transport,JPN-DEU,0.0,0.0,0.0,0.0,0.0,0.0
1415,Refrigerant_transport,JPN-ITA,0.0,0.0,0.0,0.0,0.0,0.0
1416,Refrigerant_transport,JPN-KOR,0.0,0.0,0.0,0.0,0.0,0.0
1417,Refrigerant_transport,JPN-ROE,0.0,0.0,0.0,0.0,0.0,0.0
1418,Refrigerant_transport,JPN-ROW,0.0,0.0,0.0,0.0,0.0,0.0
1419,Refrigerant_transport,JPN-USA,0.0,0.0,0.0,0.0,0.0,0.0
1420,Refrigerant_transport,KOR-AUS,0.0,0.0,0.0,0.0,0.0,0.0
1421,Refrigerant_transport,KOR-AUT,0.0,0.0,0.0,0.0,0.0,0.0
1422,Refrigerant_transport,KOR-BRA,0.0,0.0,0.0,0.0,0.0,0.0
1423,Refrigerant_transport,KOR-CHN,0.0,0.0,0.0,0.0,0.0,0.0
1424,Refrigerant_transport,KOR-CZE,0.0,0.0,0.0,0.0,0.0,0.0
1425,Refrigerant_transport,KOR-DEU,0.0,0.0,0.0,0.0,0.0,0.0
1426,Refrigerant_transport,KOR-ITA,0.0,0.0,0.0,0.0,0.0,0.0
1427,Refrigerant_transport,KOR-JPN,0.0,0.0,0.0,0.0,0.0,0.0
1428,Refrigerant_transport,KOR-ROE,0.0,0.0,0.0,0.0,0.0,0.0
1429,Refrigerant_transport,KOR-ROW,0.0,0.0,0.0,0.0,0.0,0.0
1430,Refrigerant_transport,KOR-USA,0.0,0.0,0.0,0.0,0.0,0.0
1431,Refrigerant_transport,ROE-AUS,0.0,0.0,0.0,0.0,0.0,0.0
1432,Refrigerant_transport,ROE-AUT,0.0,0.0,0.0,0.0,0.0,0.0
1433,Refrigerant_transport,ROE-BRA,0.0,0.0,0.0,0.0,0.0,0.0
1434,Refrigerant_transport,ROE-CHN,0.0,0.0,0.0,0.0,0.0,0.0
1435,Refrigerant_transport,ROE-CZE,0.0,0.0,0.0,0.0,0.0,0.0
1436,Refrigerant_transport,ROE-DEU,0.0,0.0,0.0,0.0,0.0,0.0
1437,Refrigerant_transport,ROE-ITA,0.0,0.0,0.0,0.0,0.0,0.0
1438,Refrigerant_transport,ROE-JPN,0.0,0.0,0.0,0.0,0.0,0.0
1439,Refrigerant_transport,ROE-KOR,0.0,0.0,0.0,0.0,0.0,0.0
1440,Refrigerant_transport,ROE-ROW,0.0,0.0,0.0,0.0,0.0,0.0
1441,Refrigerant_transport,ROE-USA,0.0,0.0,0.0,0.0,0.0,0.0
1442,Refrigerant_transport,ROW-AUS,0.0,0.0,0.0,0.0,0.0,0.0
1443,Refrigerant_transport,ROW-AUT,0.0,0.0,0.0,0.0,0.0,0.0
1444,Refrigerant_transport,ROW-BRA,0.0,0.0,0.0,0.0,0.0,0.0
1445,Refrigerant_transport,ROW-CHN,0.0,0.0,0.0,0.0,0.0,0.0
1446,Refrigerant_transport,ROW-CZE,0.0,0.0,0.0,0.0,0.0,0.0
1447,Refrigerant_transport,ROW-DEU,0.0,0.0,0.0,0.0,0.0,0.0
1448,Refrigerant_transport,ROW-ITA,0.0,0.0,0.0,0.0,0.0,0.0
1449,Refrigerant_transport,ROW-JPN,0.0,0.0,0.0,0.0,0.0,0.0
1450,Refrigerant_transport,ROW-KOR,0.0,0.0,0.0,0.0,0.0,0.0
1451,Refrigerant_transport,ROW-ROE,0.0,0.0,0.0,0.0,0.0,0.0
1452,Refrigerant_transport,ROW-USA,0.0,0.0,0.0,0.0,0.0,0.0
1453,Refrigerant_transport,USA-AUS,0.0,0.0,0.0,0.0,0.0,0.0
1454,Refrigerant_transport,USA-AUT,0.0,0.0,0.0,0.0,0.0,0.0
1455,Refrigerant_transport,USA-BRA,0.0,0.0,0.0,0.0,0.0,0.0
1456,Refrigerant_transport,USA-CHN,0.0,0.0,0.0,0.0,0.0,0.0
1457,Refrigerant_transport,USA-CZE,0.0,0.0,0.0,0.0,0.0,0.0
1458,Refrigerant_transport,USA-DEU,0.0,0.0,0.0,0.0,0.0,0.0
1459,Refrigerant_transport,USA-ITA,0.0,0.0,0.0,0.0,0.0,0.0
1460,Refrigerant_transport,USA-JPN,0.0,0.0,0.0,0.0,0.0,0.0
1461,Refrigerant_transport,USA-KOR,0.0,0.0,0.0,0.0,0.0,0.0
1462,Refrigerant_transport,USA-ROE,0.0,0.0,0.0,0.0,0.0,0.0
1463,Refrigerant_transport,USA-ROW,0.0,0.0,0.0,0.0,0.0,0.0
1464,Steel_transport,AUS-AUT,0.0,0.0,0.0,0.0,0.0,0.0
1465,Steel_transport,AUS-BRA,0.0,0.0,0.0,0.0,0.0,0.0
1466,Steel_transport,AUS-CHN,0.0,0.0,0.0,0.0,0.0,0.0
1467,Steel_transport,AUS-CZE,0.0,0.0,0.0,0.0,0.0,0.0
1468,Steel_transport,AUS-DEU,0.0,0.0,0.0,0.0,0.0,0.0
1469,Steel_transport,AUS-ITA,0.0,0.0,0.0,0.0,0.0,0.0
1470,Steel_transport,AUS-JPN,0.0,0.0,0.0,0.0,0.0,0.0
1471,Steel_transport,AUS-KOR,0.0,0.0,0.0,0.0,0.0,0.0
1472,Steel_transport,AUS-ROE,0.0,0.0,0.0,0.0,0.0,0.0
1473,Steel_transport,AUS-ROW,0.0,0.0,0.0,0.0,0.0,0.0
1474,Steel_transport,AUS-USA,0.0,0.0,0.0,0.0,0.0,0.0
1475,Steel_transport,AUT-AUS,0.0,0.0,0.0,0.0,0.0,0.0
1476,Steel_transport,AUT-BRA,0.0,0.0,0.0,0.0,0.0,0.0
1477,Steel_transport,AUT-CHN,0.0,0.0,0.0,0.0,0.0,0.0
1478,Steel_transport,AUT-CZE,0.0,0.0,0.0,0.0,0.0,0.0
1479,Steel_transport,AUT-DEU,0.0,0.0,0.0,0.0,0.0,0.0
1480,Steel_transport,AUT-ITA,0.0,0.0,0.0,0.0,0.0,0.0
1481,Steel_transport,AUT-JPN,0.0,0.0,0.0,0.0,0.0,0.0
1482,Steel_transport,AUT-KOR,0.0,0.0,0.0,0.0,0.0,0.0
1483,Steel_transport,AUT-ROE,0.0,0.0,0.0,0.0,0.0,0.0
1484,Steel_transport,AUT-ROW,0.0,0.0,0.0,0.0,0.0,0.0
1485,Steel_transport,AUT-USA,0.0,0.0,0.0,0.0,0.0,0.0
1486,Steel_transport,BRA-AUS,0.0,0.0,0.0,0.0,0.0,0.0
1487,Steel_transport,BRA-AUT,0.0,0.0,0.0,0.0,0.0,0.0
1488,Steel_transport,BRA-CHN,0.0,0.0,0.0,0.0,0.0,0.0
1489,Steel_transport,BRA-CZE,0.0,0.0,0.0,0.0,0.0,0.0
1490,Steel_transport,BRA-DEU,0.0,0.0,0.0,0.0,0.0,0.0
1491,Steel_transport,BRA-ITA,0.0,0.0,0.0,0.0,0.0,0.0
1492,Steel_transport,BRA-JPN,0.0,0.0,0.0,0.0,0.0,0.0
1493,Steel_transport,BRA-KOR,0.0,0.0,0.0,0.0,0.0,0.0
1494,Steel_transport,BRA-ROE,0.0,0.0,0.0,0.0,0.0,0.0
1495,Steel_transport,BRA-ROW,0.0,0.0,0.0,0.0,0.0,0.0
1496,Steel_transport,BRA-USA,0.0,0.0,0.0,0.0,0.0,0.0
1497,Steel_transport,CHN-AUS,0.0,0.0,0.0,0.0,0.0,0.0
1498,Steel_transport,CHN-AUT,0.0,0.0,0.0,0.0,0.0,0.0
1499,Steel_transport,CHN-BRA,0.0,0.0,0.0,0.0,0.0,0.0
1500,Steel_transport,CHN-CZE,0.0,0.0,0.0,0.0,0.0,0.0
1501,Steel_transport,CHN-DEU,0.0,0.0,0.0,0.0,0.0,0.0
1502,Steel_transport,CHN-ITA,0.0,0.0,0.0,0.0,0.0,0.0
1503,Steel_transport,CHN-JPN,0.0,0.0,0.0,0.0,0.0,0.0
1504,Steel_transport,CHN-KOR,0.0,0.0,0.0,0.0,0.0,0.0
1505,Steel_transport,CHN-ROE,0.0,0.0,0.0,0.0,0.0,0.0
1506,Steel_transport,CHN-ROW,0.0,0.0,0.0,0.0,0.0,0.0
1507,Steel_transport,CHN-USA,0.0,0.0,0.0,0.0,0.0,0.0
1508,Steel_transport,CZE-AUS,0.0,0.0,0.0,0.0,0.0,0.0
1509,Steel_transport,CZE-AUT,0.0,0.0,0.0,0.0,0.0,0.0
1510,Steel_transport,CZE-BRA,0.0,0.0,0.0,0.0,0.0,0.0
1511,Steel_transport,CZE-CHN,0.0,0.0,0.0,0.0,0.0,0.0
1512,Steel_transport,CZE-DEU,0.0,0.0,0.0,0.0,0.0,0.0
1513,Steel_transport,CZE-ITA,0.0,0.0,0.0,0.0,0.0,0.0
1514,Steel_transport,CZE-JPN,0.0,0.0,0.0,0.0,0.0,0.0
1515,Steel_transport,CZE-KOR,0.0,0.0,0.0,0.0,0.0,0.0
1516,Steel_transport,CZE-ROE,0.0,0.0,0.0,0.0,0.0,0.0
1517,Steel_transport,CZE-ROW,0.0,0.0,0.0,0.0,0.0,0.0
1518,Steel_transport,CZE-USA,0.0,0.0,0.0,0.0,0.0,0.0
1519,Steel_transport,DEU-AUS,0.0,0.0,0.0,0.0,0.0,0.0
1520,Steel_transport,DEU-AUT,0.0,0.0,0.0,0.0,0.0,0.0
1521,Steel_transport,DEU-BRA,0.0,0.0,0.0,0.0,0.0,0.0
1522,Steel_transport,DEU-CHN,0.0,0.0,0.0,0.0,0.0,0.0
1523,Steel_transport,DEU-CZE,0.0,0.0,0.0,0.0,0.0,0.0
1524,Steel_transport,DEU-ITA,0.0,0.0,0.0,0.0,0.0,0.0
1525,Steel_transport,DEU-JPN,0.0,0.0,0.0,0.0,0.0,0.0
1526,Steel_transport,DEU-KOR,0.0,0.0,0.0,0.0,0.0,0.0
1527,Steel_transport,DEU-ROE,0.0,0.0,0.0,0.0,0.0,0.0
1528,Steel_transport,DEU-ROW,0.0,0.0,0.0,0.0,0.0,0.0
1529,Steel_transport,DEU-USA,0.0,0.0,0.0,0.0,0.0,0.0
1530,Steel_transport,ITA-AUS,0.0,0.0,0.0,0.0,0.0,0.0
1531,Steel_transport,ITA-AUT,0.0,0.0,0.0,0.0,0.0,0.0
1532,Steel_transport,ITA-BRA,0.0,0.0,0.0,0.0,0.0,0.0
1533,Steel_transport,ITA-CHN,0.0,0.0,0.0,0.0,0.0,0.0
1534,Steel_transport,ITA-CZE,0.0,0.0,0.0,0.0,0.0,0.0
1535,Steel_transport,ITA-DEU,0.0,0.0,0.0,0.0,0.0,0.0
1536,Steel_transport,ITA-JPN,0.0,0.0,0.0,0.0,0.0,0.0
1537,Steel_transport,ITA-KOR,0.0,0.0,0.0,0.0,0.0,0.0
1538,Steel_transport,ITA-ROE,0.0,0.0,0.0,0.0,0.0,0.0
1539,Steel_transport,ITA-ROW,0.0,0.0,0.0,0.0,0.0,0.0
1540,Steel_transport,ITA-USA,0.0,0.0,0.0,0.0,0.0,0.0
1541,Steel_transport,JPN-AUS,0.0,0.0,0.0,0.0,0.0,0.0
1542,Steel_transport,JPN-AUT,0.0,0.0,0.0,0.0,0.0,0.0
1543,Steel_transport,JPN-BRA,0.0,0.0,0.0,0.0,0.0,0.0
1544,Steel_transport,JPN-CHN,0.0,0.0,0.0,0.0,0.0,0.0
1545,Steel_transport,JPN-CZE,0.0,0.0,0.0,0.0,0.0,0.0
1546,Steel_transport,JPN-DEU,0.0,0.0,0.0,0.0,0.0,0.0
1547,Steel_transport,JPN-ITA,0.0,0.0,0.0,0.0,0.0,0.0
1548,Steel_transport,JPN-KOR,0.0,0.0,0.0,0.0,0.0,0.0
1549,Steel_transport,JPN-ROE,0.0,0.0,0.0,0.0,0.0,0.0
1550,Steel_transport,JPN-ROW,0.0,0.0,0.0,0.0,0.0,0.0
1551,Steel_transport,JPN-USA,0.0,0.0,0.0,0.0,0.0,0.0
1552,Steel_transport,KOR-AUS,0.0,0.0,0.0,0.0,0.0,0.0
1553,Steel_transport,KOR-AUT,0.0,0.0,0.0,0.0,0.0,0.0
1554,Steel_transport,KOR-BRA,0.0,0.0,0.0,0.0,0.0,0.0
1555,Steel_transport,KOR-CHN,0.0,0.0,0.0,0.0,0.0,0.0
1556,Steel_transport,KOR-CZE,0.0,0.0,0.0,0.0,0.0,0.0
1557,Steel_transport,KOR-DEU,0.0,0.0,0.0,0.0,0.0,0.0
1558,Steel_transport,KOR-ITA,0.0,0.0,0.0,0.0,0.0,0.0
1559,Steel_transport,KOR-JPN,0.0,0.0,0.0,0.0,0.0,0.0
1560,Steel_transport,KOR-ROE,0.0,0.0,0.0,0.0,0.0,0.0
1561,Steel_transport,KOR-ROW,0.0,0.0,0.0,0.0,0.0,0.0
1562,Steel_transport,KOR-USA,0.0,0.0,0.0,0.0,0.0,0.0
1563,Steel_transport,ROE-AUS,0.0,0.0,0.0,0.0,0.0,0.0
1564,Steel_transport,ROE-AUT,0.0,0.0,0.0,0.0,0.0,0.0
1565,Steel_transport,ROE-BRA,0.0,0.0,0.0,0.0,0.0,0.0
1566,Steel_transport,ROE-CHN,0.0,0.0,0.0,0.0,0.0,0.0
1567,Steel_transport,ROE-CZE,0.0,0.0,0.0,0.0,0.0,0.0
1568,Steel_transport,ROE-DEU,0.0,0.0,0.0,0.0,0.0,0.0
1569,Steel_transport,ROE-ITA,0.0,0.0,0.0,0.0,0.0,0.0
1570,Steel_transport,ROE-JPN,0.0,0.0,0.0,0.0,0.0,0.0
1571,Steel_transport,ROE-KOR,0.0,0.0,0.0,0.0,0.0,0.0
1572,Steel_transport,ROE-ROW,0.0,0.0,0.0,0.0,0.0,0.0
1573,Steel_transport,ROE-USA,0.0,0.0,0.0,0.0,0.0,0.0
1574,Steel_transport,ROW-AUS,0.0,0.0,0.0,0.0,0.0,0.0
1575,Steel_transport,ROW-AUT,0.0,0.0,0.0,0.0,0.0,0.0
1576,Steel_transport,ROW-BRA,0.0,0.0,0.0,0.0,0.0,0.0
1577,Steel_transport,ROW-CHN,0.0,0.0,0.0,0.0,0.0,0.0
1578,Steel_transport,ROW-CZE,0.0,0.0,0.0,0.0,0.0,0.0
1579,Steel_transport,ROW-DEU,0.0,0.0,0.0,0.0,0.0,0.0
1580,Steel_transport,ROW-ITA,0.0,0.0,0.0,0.0,0.0,0.0
1581,Steel_transport,ROW-JPN,0.0,0.0,0.0,0.0,0.0,0.0
1582,Steel_transport,ROW-KOR,0.0,0.0,0.0,0.0,0.0,0.0
1583,Steel_transport,ROW-ROE,0.0,0.0,0.0,0.0,0.0,0.0
1584,Steel_transport,ROW-USA,0.0,0.0,0.0,0.0,0.0,0.0
1585,Steel_transport,USA-AUS,0.0,0.0,0.0,0.0,0.0,0.0
1586,Steel_transport,USA-AUT,0.0,0.0,0.0,0.0,0.0,0.0
1587,Steel_transport,USA-BRA,0.0,0.0,0.0,0.0,0.0,0.0
1588,Steel_transport,USA-CHN,0.0,0.0,0.0,0.0,0.0,0.0
1589,Steel_transport,USA-CZE,0.0,0.0,0.0,0.0,0.0,0.0
1590,Steel_transport,USA-DEU,0.0,0.0,0.0,0.0,0.0,0.0
1591,Steel_transport,USA-ITA,0.0,0.0,0.0,0.0,0.0,0.0
1592,Steel_transport,USA-JPN,0.0,0.0,0.0,0.0,0.0,0.0
1593,Steel_transport,USA-KOR,0.0,0.0,0.0,0.0,0.0,0.0
1594,Steel_transport,USA-ROE,0.0,0.0,0.0,0.0,0.0,0.0
1595,Steel_transport,USA-ROW,0.0,0.0,0.0,0.0,0.0,0.0
1596,Aluminium_storage,AUS,0.0,0.0,0.0,0.0,0.0,0.0
1597,Aluminium_storage,AUT,0.0,0.0,0.0,0.0,0.0,0.0
1598,Aluminium_storage,BRA,0.0,0.0,0.0,0.0,0.0,0.0
1599,Aluminium_storage,CHN,0.0,0.0,0.0,0.0,0.0,0.0
1600,Aluminium_storage,CZE,0.0,0.0,0.0,0.0,0.0,0.0
1601,Aluminium_storage,DEU,0.0,0.0,0.0,0.0,0.0,0.0
1602,Aluminium_storage,ITA,0.0,0.0,0.0,0.0,0.0,0.0
1603,Aluminium_storage,JPN,0.0,0.0,0.0,0.0,0.0,0.0
1604,Aluminium_storage,KOR,0.0,0.0,0.0,0.0,0.0,0.0
1605,Aluminium_storage,ROE,0.0,0.0,0.0,0.0,0.0,0.0
1606,Aluminium_storage,ROW,0.0,0.0,0.0,0.0,0.0,0.0
1607,Aluminium_storage,USA,0.0,0.0,0.0,0.0,0.0,0.0
1608,Bauxite_storage,AUS,0.0,0.0,0.0,0.0,0.0,0.0
1609,Bauxite_storage,AUT,0.0,0.0,0.0,0.0,0.0,0.0
1610,Bauxite_storage,BRA,0.0,0.0,0.0,0.0,0.0,0.0
1611,Bauxite_storage,CHN,0.0,0.0,0.0,0.0,0.0,0.0
1612,Bauxite_storage,CZE,0.0,0.0,0.0,0.0,0.0,0.0
1613,Bauxite_storage,DEU,0.0,0.0,0.0,0.0,0.0,0.0
1614,Bauxite_storage,ITA,0.0,0.0,0.0,0.0,0.0,0.0
1615,Bauxite_storage,JPN,0.0,0.0,0.0,0.0,0.0,0.0
1616,Bauxite_storage,KOR,0.0,0.0,0.0,0.0,0.0,0.0
1617,Bauxite_storage,ROE,0.0,0.0,0.0,0.0,0.0,0.0
1618,Bauxite_storage,ROW,0.0,0.0,0.0,0.0,0.0,0.0
1619,Bauxite_storage,USA,0.0,0.0,0.0,0.0,0.0,0.0
1620,Compressor_storage,AUS,0.0,0.0,0.0,0.0,0.0,0.0
1621,Compressor_storage,AUT,0.0,0.0,0.0,0.0,0.0,0.0
1622,Compressor_storage,BRA,0.0,0.0,0.0,0.0,0.0,0.0
1623,Compressor_storage,CHN,0.0,0.0,0.0,0.0,0.0,0.0
1624,Compressor_storage,CZE,0.0,0.0,0.0,0.0,0.0,0.0
1625,Compressor_storage,DEU,0.0,0.0,0.0,0.0,0.0,0.0
1626,Compressor_storage,ITA,0.0,0.0,0.0,0.0,0.0,0.0
1627,Compressor_storage,JPN,0.0,0.0,0.0,0.0,0.0,0.0
1628,Compressor_storage,KOR,0.0,0.0,0.0,0.0,0.0,0.0
1629,Compressor_storage,ROE,0.0,0.0,0.0,0.0,0.0,0.0
1630,Compressor_storage,ROW,0.0,0.0,0.0,0.0,0.0,0.0
1631,Compressor_storage,USA,0.0,0.0,0.0,0.0,0.0,0.0
1632,Copper_storage,AUS,0.0,0.0,0.0,0.0,0.0,0.0
1633,Copper_storage,AUT,0.0,0.0,0.0,0.0,0.0,0.0
1634,Copper_storage,BRA,0.0,0.0,0.0,0.0,0.0,0.0
1635,Copper_storage,CHN,0.0,0.0,0.0,0.0,0.0,0.0
1636,Copper_storage,CZE,0.0,0.0,0.0,0.0,0.0,0.0
1637,Copper_storage,DEU,0.0,0.0,0.0,0.0,0.0,0.0
1638,Copper_storage,ITA,0.0,0.0,0.0,0.0,0.0,0.0
1639,Copper_storage,JPN,0.0,0.0,0.0,0.0,0.0,0.0
1640,Copper_storage,KOR,0.0,0.0,0.0,0.0,0.0,0.0
1641,Copper_storage,ROE,0.0,0.0,0.0,0.0,0.0,0.0
1642,Copper_storage,ROW,0.0,0.0,0.0,0.0,0.0,0.0
1643,Copper_storage,USA,0.0,0.0,0.0,0.0,0.0,0.0
1644,HEX_storage,AUS,0.0,0.0,0.0,0.0,0.0,0.0
1645,HEX_storage,AUT,0.0,0.0,0.0,0.0,0.0,0.0
1646,HEX_storage,BRA,0.0,0.0,0.0,0.0,0.0,0.0
1647,HEX_storage,CHN,0.0,0.0,0.0,0.0,0.0,0.0
1648,HEX_storage,CZE,0.0,0.0,0.0,0.0,0.0,0.0
1649,HEX_storage,DEU,0.0,0.0,0.0,0.0,0.0,0.0
1650,HEX_storage,ITA,0.0,0.0,0.0,0.0,0.0,0.0
1651,HEX_storage,JPN,0.0,0.0,0.0,0.0,0.0,0.0
1652,HEX_storage,KOR,0.0,0.0,0.0,0.0,0.0,0.0
1653,HEX_storage,ROE,0.0,0.0,0.0,0.0,0.0,0.0
1654,HEX_storage,ROW,0.0,0.0,0.0,0.0,0.0,0.0
1655,HEX_storage,USA,0.0,0.0,0.0,0.0,0.0,0.0
1656,HP_storage,AUS,0.0,0.0,0.0,0.0,0.0,0.0
1657,HP_storage,AUT,0.0,0.0,0.0,0.0,0.0,0.0
1658,HP_storage,BRA,0.0,0.0,0.0,0.0,0.0,0.0
1659,HP_storage,CHN,0.0,0.0,0.0,0.0,0.0,0.0
1660,HP_storage,CZE,0.0,0.0,0.0,0.0,0.0,0.0
1661,HP_storage,DEU,0.0,0.0,0.0,0.0,0.0,0.0
1662,HP_storage,ITA,0.0,0.0,0.0,0.0,0.0,0.0
1663,HP_storage,JPN,0.0,0.0,0.0,0.0,0.0,0.0
1664,HP_storage,KOR,0.0,0.0,0.0,0.0,0.0,0.0
1665,HP_storage,ROE,0.0,0.0,0.0,0.0,0.0,0.0
1666,HP_storage,ROW,0.0,0.0,0.0,0.0,0.0,0.0
1667,HP_storage,USA,0.0,0.0,0.0,0.0,0.0,0.0
1668,Iron_storage,AUS,0.0,0.0,0.0,0.0,0.0,0.0
1669,Iron_storage,AUT,0.0,0.0,0.0,0.0,0.0,0.0
1670,Iron_storage,BRA,0.0,0.0,0.0,0.0,0.0,0.0
1671,Iron_storage,CHN,0.0,0.0,0.0,0.0,0.0,0.0
1672,Iron_storage,CZE,0.0,0.0,0.0,0.0,0.0,0.0
1673,Iron_storage,DEU,0.0,0.0,0.0,0.0,0.0,0.0
1674,Iron_storage,ITA,0.0,0.0,0.0,0.0,0.0,0.0
1675,Iron_storage,JPN,0.0,0.0,0.0,0.0,0.0,0.0
1676,Iron_storage,KOR,0.0,0.0,0.0,0.0,0.0,0.0
1677,Iron_storage,ROE,0.0,0.0,0.0,0.0,0.0,0.0
1678,Iron_storage,ROW,0.0,0.0,0.0,0.0,0.0,0.0
1679,Iron_storage,USA,0.0,0.0,0.0,0.0,0.0,0.0
1680,Nickel_storage,AUS,0.0,0.0,0.0,0.0,0.0,0.0
1681,Nickel_storage,AUT,0.0,0.0,0.0,0.0,0.0,0.0
1682,Nickel_storage,BRA,0.0,0.0,0.0,0.0,0.0,0.0
1683,Nickel_storage,CHN,0.0,0.0,0.0,0.0,0.0,0.0
1684,Nickel_storage,CZE,0.0,0.0,0.0,0.0,0.0,0.0
1685,Nickel_storage,DEU,0.0,0.0,0.0,0.0,0.0,0.0
1686,Nickel_storage,ITA,0.0,0.0,0.0,0.0,0.0,0.0
1687,Nickel_storage,JPN,0.0,0.0,0.0,0.0,0.0,0.0
1688,Nickel_storage,KOR,0.0,0.0,0.0,0.0,0.0,0.0
1689,Nickel_storage,ROE,0.0,0.0,0.0,0.0,0.0,0.0
1690,Nickel_storage,ROW,0.0,0.0,0.0,0.0,0.0,0.0
1691,Nickel_storage,USA,0.0,0.0,0.0,0.0,0.0,0.0
1692,Steel_storage,AUS,0.0,0.0,0.0,0.0,0.0,0.0
1693,Steel_storage,AUT,0.0,0.0,0.0,0.0,0.0,0.0
1694,Steel_storage,BRA,0.0,0.0,0.0,0.0,0.0,0.0
1695,Steel_storage,CHN,0.0,0.0,0.0,0.0,0.0,0.0
1696,Steel_storage,CZE,0.0,0.0,0.0,0.0,0.0,0.0
1697,Steel_storage,DEU,0.0,0.0,0.0,0.0,0.0,0.0
1698,Steel_storage,ITA,0.0,0.0,0.0,0.0,0.0,0.0
1699,Steel_storage,JPN,0.0,0.0,0.0,0.0,0.0,0.0
1700,Steel_storage,KOR,0.0,0.0,0.0,0.0,0.0,0.0
1701,Steel_storage,ROE,0.0,0.0,0.0,0.0,0.0,0.0
1702,Steel_storage,ROW,0.0,0.0,0.0,0.0,0.0,0.0
1703,Steel_storage,USA,0.0,0.0,0.0,0.0,0.0,0.0
